station_id,day_type,hour,quarter,share,n_days
akademicheskaya,воскресенье,0,0,0.534362,17
akademicheskaya,воскресенье,0,1,0.319776,17
akademicheskaya,воскресенье,0,2,0.13885,17
akademicheskaya,воскресенье,0,3,0.007013,17
akademicheskaya,воскресенье,5,0,0.000317,17
akademicheskaya,воскресенье,5,1,0.001902,17
akademicheskaya,воскресенье,5,2,0.500634,17
akademicheskaya,воскресенье,5,3,0.497146,17
akademicheskaya,воскресенье,6,0,0.203261,17
akademicheskaya,воскресенье,6,1,0.255882,17
akademicheskaya,воскресенье,6,2,0.247486,17
akademicheskaya,воскресенье,6,3,0.293371,17
akademicheskaya,воскресенье,7,0,0.249833,17
akademicheskaya,воскресенье,7,1,0.247674,17
akademicheskaya,воскресенье,7,2,0.231004,17
akademicheskaya,воскресенье,7,3,0.271489,17
akademicheskaya,воскресенье,8,0,0.220823,17
akademicheskaya,воскресенье,8,1,0.25631,17
akademicheskaya,воскресенье,8,2,0.24899,17
akademicheskaya,воскресенье,8,3,0.273877,17
akademicheskaya,воскресенье,9,0,0.257081,17
akademicheskaya,воскресенье,9,1,0.271711,17
akademicheskaya,воскресенье,9,2,0.237082,17
akademicheskaya,воскресенье,9,3,0.234126,17
akademicheskaya,воскресенье,10,0,0.24795,17
akademicheskaya,воскресенье,10,1,0.259225,17
akademicheskaya,воскресенье,10,2,0.250178,17
akademicheskaya,воскресенье,10,3,0.242647,17
akademicheskaya,воскресенье,11,0,0.241963,17
akademicheskaya,воскресенье,11,1,0.262206,17
akademicheskaya,воскресенье,11,2,0.253548,17
akademicheskaya,воскресенье,11,3,0.242283,17
akademicheskaya,воскресенье,12,0,0.255859,17
akademicheskaya,воскресенье,12,1,0.250019,17
akademicheskaya,воскресенье,12,2,0.247229,17
akademicheskaya,воскресенье,12,3,0.246894,17
akademicheskaya,воскресенье,13,0,0.243802,17
akademicheskaya,воскресенье,13,1,0.254165,17
akademicheskaya,воскресенье,13,2,0.253811,17
akademicheskaya,воскресенье,13,3,0.248223,17
akademicheskaya,воскресенье,14,0,0.259125,17
akademicheskaya,воскресенье,14,1,0.267678,17
akademicheskaya,воскресенье,14,2,0.233325,17
akademicheskaya,воскресенье,14,3,0.239872,17
akademicheskaya,воскресенье,15,0,0.265336,17
akademicheskaya,воскресенье,15,1,0.250619,17
akademicheskaya,воскресенье,15,2,0.238491,17
akademicheskaya,воскресенье,15,3,0.245554,17
akademicheskaya,воскресенье,16,0,0.248495,17
akademicheskaya,воскресенье,16,1,0.263215,17
akademicheskaya,воскресенье,16,2,0.251369,17
akademicheskaya,воскресенье,16,3,0.236921,17
akademicheskaya,воскресенье,17,0,0.255593,17
akademicheskaya,воскресенье,17,1,0.258569,17
akademicheskaya,воскресенье,17,2,0.247006,17
akademicheskaya,воскресенье,17,3,0.238832,17
akademicheskaya,воскресенье,18,0,0.269683,17
akademicheskaya,воскресенье,18,1,0.263274,17
akademicheskaya,воскресенье,18,2,0.244302,17
akademicheskaya,воскресенье,18,3,0.222741,17
akademicheskaya,воскресенье,19,0,0.269309,17
akademicheskaya,воскресенье,19,1,0.263909,17
akademicheskaya,воскресенье,19,2,0.238893,17
akademicheskaya,воскресенье,19,3,0.227889,17
akademicheskaya,воскресенье,20,0,0.286986,17
akademicheskaya,воскресенье,20,1,0.254076,17
akademicheskaya,воскресенье,20,2,0.241832,17
akademicheskaya,воскресенье,20,3,0.217106,17
akademicheskaya,воскресенье,21,0,0.279552,17
akademicheskaya,воскресенье,21,1,0.27169,17
akademicheskaya,воскресенье,21,2,0.233215,17
akademicheskaya,воскресенье,21,3,0.215543,17
akademicheskaya,воскресенье,22,0,0.341074,17
akademicheskaya,воскресенье,22,1,0.276847,17
akademicheskaya,воскресенье,22,2,0.205197,17
akademicheskaya,воскресенье,22,3,0.176882,17
akademicheskaya,воскресенье,23,0,0.307498,17
akademicheskaya,воскресенье,23,1,0.283235,17
akademicheskaya,воскресенье,23,2,0.218197,17
akademicheskaya,воскресенье,23,3,0.19107,17
akademicheskaya,рабочий,0,0,0.554512,80
akademicheskaya,рабочий,0,1,0.28795,80
akademicheskaya,рабочий,0,2,0.143714,80
akademicheskaya,рабочий,0,3,0.013824,80
akademicheskaya,рабочий,5,0,0.000426,79
akademicheskaya,рабочий,5,1,0.000345,79
akademicheskaya,рабочий,5,2,0.529006,79
akademicheskaya,рабочий,5,3,0.470223,79
akademicheskaya,рабочий,6,0,0.187017,80
akademicheskaya,рабочий,6,1,0.222523,80
akademicheskaya,рабочий,6,2,0.264382,80
akademicheskaya,рабочий,6,3,0.326077,80
akademicheskaya,рабочий,7,0,0.20539,80
akademicheskaya,рабочий,7,1,0.228023,80
akademicheskaya,рабочий,7,2,0.248343,80
akademicheskaya,рабочий,7,3,0.318243,80
akademicheskaya,рабочий,8,0,0.286508,80
akademicheskaya,рабочий,8,1,0.28261,80
akademicheskaya,рабочий,8,2,0.236362,80
akademicheskaya,рабочий,8,3,0.19452,80
akademicheskaya,рабочий,9,0,0.296809,80
akademicheskaya,рабочий,9,1,0.276629,80
akademicheskaya,рабочий,9,2,0.226964,80
akademicheskaya,рабочий,9,3,0.199599,80
akademicheskaya,рабочий,10,0,0.287375,80
akademicheskaya,рабочий,10,1,0.272595,80
akademicheskaya,рабочий,10,2,0.231105,80
akademicheskaya,рабочий,10,3,0.208925,80
akademicheskaya,рабочий,11,0,0.246879,80
akademicheskaya,рабочий,11,1,0.257713,80
akademicheskaya,рабочий,11,2,0.256962,80
akademicheskaya,рабочий,11,3,0.238446,80
akademicheskaya,рабочий,12,0,0.250051,79
akademicheskaya,рабочий,12,1,0.247462,79
akademicheskaya,рабочий,12,2,0.244991,79
akademicheskaya,рабочий,12,3,0.257496,79
akademicheskaya,рабочий,13,0,0.24338,79
akademicheskaya,рабочий,13,1,0.255269,79
akademicheskaya,рабочий,13,2,0.258726,79
akademicheskaya,рабочий,13,3,0.242625,79
akademicheskaya,рабочий,14,0,0.257991,80
akademicheskaya,рабочий,14,1,0.261887,80
akademicheskaya,рабочий,14,2,0.236142,80
akademicheskaya,рабочий,14,3,0.24398,80
akademicheskaya,рабочий,15,0,0.243308,80
akademicheskaya,рабочий,15,1,0.243728,80
akademicheskaya,рабочий,15,2,0.251752,80
akademicheskaya,рабочий,15,3,0.261212,80
akademicheskaya,рабочий,16,0,0.235748,80
akademicheskaya,рабочий,16,1,0.252712,80
akademicheskaya,рабочий,16,2,0.2599,80
akademicheskaya,рабочий,16,3,0.25164,80
akademicheskaya,рабочий,17,0,0.230556,80
akademicheskaya,рабочий,17,1,0.263949,80
akademicheskaya,рабочий,17,2,0.257428,80
akademicheskaya,рабочий,17,3,0.248067,80
akademicheskaya,рабочий,18,0,0.278569,80
akademicheskaya,рабочий,18,1,0.272763,80
akademicheskaya,рабочий,18,2,0.242529,80
akademicheskaya,рабочий,18,3,0.20614,80
akademicheskaya,рабочий,19,0,0.279665,80
akademicheskaya,рабочий,19,1,0.26759,80
akademicheskaya,рабочий,19,2,0.236045,80
akademicheskaya,рабочий,19,3,0.216701,80
akademicheskaya,рабочий,20,0,0.296843,80
akademicheskaya,рабочий,20,1,0.268399,80
akademicheskaya,рабочий,20,2,0.22687,80
akademicheskaya,рабочий,20,3,0.207888,80
akademicheskaya,рабочий,21,0,0.291659,80
akademicheskaya,рабочий,21,1,0.271828,80
akademicheskaya,рабочий,21,2,0.229241,80
akademicheskaya,рабочий,21,3,0.207272,80
akademicheskaya,рабочий,22,0,0.336776,80
akademicheskaya,рабочий,22,1,0.281107,80
akademicheskaya,рабочий,22,2,0.214371,80
akademicheskaya,рабочий,22,3,0.167746,80
akademicheskaya,рабочий,23,0,0.317096,80
akademicheskaya,рабочий,23,1,0.279269,80
akademicheskaya,рабочий,23,2,0.219807,80
akademicheskaya,рабочий,23,3,0.183829,80
akademicheskaya,суббота,0,0,0.599,16
akademicheskaya,суббота,0,1,0.259,16
akademicheskaya,суббота,0,2,0.138,16
akademicheskaya,суббота,0,3,0.004,16
akademicheskaya,суббота,5,0,0.001651,16
akademicheskaya,суббота,5,1,0.007783,16
akademicheskaya,суббота,5,2,0.490566,16
akademicheskaya,суббота,5,3,0.5,16
akademicheskaya,суббота,6,0,0.221526,16
akademicheskaya,суббота,6,1,0.252276,16
akademicheskaya,суббота,6,2,0.238916,16
akademicheskaya,суббота,6,3,0.287282,16
akademicheskaya,суббота,7,0,0.229542,16
akademicheskaya,суббота,7,1,0.232713,16
akademicheskaya,суббота,7,2,0.250446,16
akademicheskaya,суббота,7,3,0.287299,16
akademicheskaya,суббота,8,0,0.252788,16
akademicheskaya,суббота,8,1,0.26544,16
akademicheskaya,суббота,8,2,0.235684,16
akademicheskaya,суббота,8,3,0.246088,16
akademicheskaya,суббота,9,0,0.25574,16
akademicheskaya,суббота,9,1,0.268905,16
akademicheskaya,суббота,9,2,0.240601,16
akademicheskaya,суббота,9,3,0.234754,16
akademicheskaya,суббота,10,0,0.257787,16
akademicheskaya,суббота,10,1,0.267906,16
akademicheskaya,суббота,10,2,0.241198,16
akademicheskaya,суббота,10,3,0.23311,16
akademicheskaya,суббота,11,0,0.240624,16
akademicheskaya,суббота,11,1,0.260278,16
akademicheskaya,суббота,11,2,0.248542,16
akademicheskaya,суббота,11,3,0.250557,16
akademicheskaya,суббота,12,0,0.244984,16
akademicheskaya,суббота,12,1,0.252321,16
akademicheskaya,суббота,12,2,0.252184,16
akademicheskaya,суббота,12,3,0.250512,16
akademicheskaya,суббота,13,0,0.252193,16
akademicheskaya,суббота,13,1,0.249936,16
akademicheskaya,суббота,13,2,0.254545,16
akademicheskaya,суббота,13,3,0.243326,16
akademicheskaya,суббота,14,0,0.250997,16
akademicheskaya,суббота,14,1,0.270084,16
akademicheskaya,суббота,14,2,0.240975,16
akademicheskaya,суббота,14,3,0.237943,16
akademicheskaya,суббота,15,0,0.254213,16
akademicheskaya,суббота,15,1,0.251774,16
akademicheskaya,суббота,15,2,0.247498,16
akademicheskaya,суббота,15,3,0.246516,16
akademicheskaya,суббота,16,0,0.249092,16
akademicheskaya,суббота,16,1,0.262044,16
akademicheskaya,суббота,16,2,0.252792,16
akademicheskaya,суббота,16,3,0.236072,16
akademicheskaya,суббота,17,0,0.25249,16
akademicheskaya,суббота,17,1,0.255657,16
akademicheskaya,суббота,17,2,0.245045,16
akademicheskaya,суббота,17,3,0.246808,16
akademicheskaya,суббота,18,0,0.275888,16
akademicheskaya,суббота,18,1,0.261387,16
akademicheskaya,суббота,18,2,0.241383,16
akademicheskaya,суббота,18,3,0.221342,16
akademicheskaya,суббота,19,0,0.262686,16
akademicheskaya,суббота,19,1,0.260931,16
akademicheskaya,суббота,19,2,0.247937,16
akademicheskaya,суббота,19,3,0.228445,16
akademicheskaya,суббота,20,0,0.288021,16
akademicheskaya,суббота,20,1,0.264699,16
akademicheskaya,суббота,20,2,0.233111,16
akademicheskaya,суббота,20,3,0.214168,16
akademicheskaya,суббота,21,0,0.277615,16
akademicheskaya,суббота,21,1,0.273118,16
akademicheskaya,суббота,21,2,0.234278,16
akademicheskaya,суббота,21,3,0.214989,16
akademicheskaya,суббота,22,0,0.327186,16
akademicheskaya,суббота,22,1,0.275425,16
akademicheskaya,суббота,22,2,0.223031,16
akademicheskaya,суббота,22,3,0.174357,16
akademicheskaya,суббота,23,0,0.286254,16
akademicheskaya,суббота,23,1,0.271414,16
akademicheskaya,суббота,23,2,0.224811,16
akademicheskaya,суббота,23,3,0.217521,16
avtovo,воскресенье,0,0,0.6759,17
avtovo,воскресенье,0,1,0.119114,17
avtovo,воскресенье,0,2,0.110803,17
avtovo,воскресенье,0,3,0.094183,17
avtovo,воскресенье,5,0,0.010545,17
avtovo,воскресенье,5,1,0.037493,17
avtovo,воскресенье,5,2,0.503222,17
avtovo,воскресенье,5,3,0.44874,17
avtovo,воскресенье,6,0,0.15643,17
avtovo,воскресенье,6,1,0.24525,17
avtovo,воскресенье,6,2,0.278539,17
avtovo,воскресенье,6,3,0.319782,17
avtovo,воскресенье,7,0,0.248193,17
avtovo,воскресенье,7,1,0.221965,17
avtovo,воскресенье,7,2,0.250139,17
avtovo,воскресенье,7,3,0.279703,17
avtovo,воскресенье,8,0,0.242586,17
avtovo,воскресенье,8,1,0.242514,17
avtovo,воскресенье,8,2,0.265045,17
avtovo,воскресенье,8,3,0.249856,17
avtovo,воскресенье,9,0,0.252471,17
avtovo,воскресенье,9,1,0.275142,17
avtovo,воскресенье,9,2,0.240178,17
avtovo,воскресенье,9,3,0.232209,17
avtovo,воскресенье,10,0,0.246591,17
avtovo,воскресенье,10,1,0.266455,17
avtovo,воскресенье,10,2,0.22902,17
avtovo,воскресенье,10,3,0.257934,17
avtovo,воскресенье,11,0,0.231178,17
avtovo,воскресенье,11,1,0.274109,17
avtovo,воскресенье,11,2,0.256309,17
avtovo,воскресенье,11,3,0.238404,17
avtovo,воскресенье,12,0,0.248433,17
avtovo,воскресенье,12,1,0.245859,17
avtovo,воскресенье,12,2,0.241244,17
avtovo,воскресенье,12,3,0.264464,17
avtovo,воскресенье,13,0,0.238773,17
avtovo,воскресенье,13,1,0.253387,17
avtovo,воскресенье,13,2,0.2635,17
avtovo,воскресенье,13,3,0.24434,17
avtovo,воскресенье,14,0,0.262606,17
avtovo,воскресенье,14,1,0.25267,17
avtovo,воскресенье,14,2,0.247866,17
avtovo,воскресенье,14,3,0.236858,17
avtovo,воскресенье,15,0,0.272082,17
avtovo,воскресенье,15,1,0.24442,17
avtovo,воскресенье,15,2,0.243758,17
avtovo,воскресенье,15,3,0.239739,17
avtovo,воскресенье,16,0,0.237285,17
avtovo,воскресенье,16,1,0.26702,17
avtovo,воскресенье,16,2,0.250891,17
avtovo,воскресенье,16,3,0.244805,17
avtovo,воскресенье,17,0,0.257642,17
avtovo,воскресенье,17,1,0.248671,17
avtovo,воскресенье,17,2,0.251092,17
avtovo,воскресенье,17,3,0.242595,17
avtovo,воскресенье,18,0,0.25461,17
avtovo,воскресенье,18,1,0.245086,17
avtovo,воскресенье,18,2,0.257852,17
avtovo,воскресенье,18,3,0.242452,17
avtovo,воскресенье,19,0,0.270727,17
avtovo,воскресенье,19,1,0.266913,17
avtovo,воскресенье,19,2,0.240803,17
avtovo,воскресенье,19,3,0.221557,17
avtovo,воскресенье,20,0,0.265505,17
avtovo,воскресенье,20,1,0.289687,17
avtovo,воскресенье,20,2,0.234922,17
avtovo,воскресенье,20,3,0.209886,17
avtovo,воскресенье,21,0,0.298386,17
avtovo,воскресенье,21,1,0.288155,17
avtovo,воскресенье,21,2,0.227802,17
avtovo,воскресенье,21,3,0.185658,17
avtovo,воскресенье,22,0,0.276618,17
avtovo,воскресенье,22,1,0.275441,17
avtovo,воскресенье,22,2,0.227794,17
avtovo,воскресенье,22,3,0.220147,17
avtovo,воскресенье,23,0,0.35947,17
avtovo,воскресенье,23,1,0.276367,17
avtovo,воскресенье,23,2,0.186361,17
avtovo,воскресенье,23,3,0.177802,17
avtovo,рабочий,0,0,0.444828,80
avtovo,рабочий,0,1,0.321839,80
avtovo,рабочий,0,2,0.144061,80
avtovo,рабочий,0,3,0.089272,80
avtovo,рабочий,5,0,0.002632,80
avtovo,рабочий,5,1,0.068853,80
avtovo,рабочий,5,2,0.604389,80
avtovo,рабочий,5,3,0.324125,80
avtovo,рабочий,6,0,0.157584,80
avtovo,рабочий,6,1,0.216058,80
avtovo,рабочий,6,2,0.26838,80
avtovo,рабочий,6,3,0.357978,80
avtovo,рабочий,7,0,0.206455,80
avtovo,рабочий,7,1,0.218583,80
avtovo,рабочий,7,2,0.253167,80
avtovo,рабочий,7,3,0.321795,80
avtovo,рабочий,8,0,0.283735,80
avtovo,рабочий,8,1,0.282203,80
avtovo,рабочий,8,2,0.235547,80
avtovo,рабочий,8,3,0.198515,80
avtovo,рабочий,9,0,0.297845,80
avtovo,рабочий,9,1,0.280903,80
avtovo,рабочий,9,2,0.230885,80
avtovo,рабочий,9,3,0.190366,80
avtovo,рабочий,10,0,0.272949,80
avtovo,рабочий,10,1,0.267776,80
avtovo,рабочий,10,2,0.246393,80
avtovo,рабочий,10,3,0.212883,80
avtovo,рабочий,11,0,0.26726,80
avtovo,рабочий,11,1,0.255685,80
avtovo,рабочий,11,2,0.247843,80
avtovo,рабочий,11,3,0.229212,80
avtovo,рабочий,12,0,0.237327,80
avtovo,рабочий,12,1,0.237477,80
avtovo,рабочий,12,2,0.25655,80
avtovo,рабочий,12,3,0.268646,80
avtovo,рабочий,13,0,0.255016,80
avtovo,рабочий,13,1,0.250039,80
avtovo,рабочий,13,2,0.255522,80
avtovo,рабочий,13,3,0.239422,80
avtovo,рабочий,14,0,0.26621,80
avtovo,рабочий,14,1,0.254781,80
avtovo,рабочий,14,2,0.24195,80
avtovo,рабочий,14,3,0.237058,80
avtovo,рабочий,15,0,0.262288,80
avtovo,рабочий,15,1,0.243582,80
avtovo,рабочий,15,2,0.230458,80
avtovo,рабочий,15,3,0.263672,80
avtovo,рабочий,16,0,0.225535,80
avtovo,рабочий,16,1,0.24599,80
avtovo,рабочий,16,2,0.256101,80
avtovo,рабочий,16,3,0.272374,80
avtovo,рабочий,17,0,0.234015,80
avtovo,рабочий,17,1,0.279583,80
avtovo,рабочий,17,2,0.246998,80
avtovo,рабочий,17,3,0.239404,80
avtovo,рабочий,18,0,0.282169,80
avtovo,рабочий,18,1,0.28618,80
avtovo,рабочий,18,2,0.227358,80
avtovo,рабочий,18,3,0.204292,80
avtovo,рабочий,19,0,0.279937,80
avtovo,рабочий,19,1,0.278986,80
avtovo,рабочий,19,2,0.234572,80
avtovo,рабочий,19,3,0.206505,80
avtovo,рабочий,20,0,0.285128,80
avtovo,рабочий,20,1,0.284645,80
avtovo,рабочий,20,2,0.228921,80
avtovo,рабочий,20,3,0.201306,80
avtovo,рабочий,21,0,0.31342,80
avtovo,рабочий,21,1,0.288568,80
avtovo,рабочий,21,2,0.21725,80
avtovo,рабочий,21,3,0.180762,80
avtovo,рабочий,22,0,0.28189,80
avtovo,рабочий,22,1,0.280099,80
avtovo,рабочий,22,2,0.245628,80
avtovo,рабочий,22,3,0.192382,80
avtovo,рабочий,23,0,0.324843,80
avtovo,рабочий,23,1,0.263072,80
avtovo,рабочий,23,2,0.213189,80
avtovo,рабочий,23,3,0.198896,80
avtovo,суббота,0,0,0.647668,16
avtovo,суббота,0,1,0.142487,16
avtovo,суббота,0,2,0.101036,16
avtovo,суббота,0,3,0.108808,16
avtovo,суббота,5,0,0.009284,16
avtovo,суббота,5,1,0.060124,16
avtovo,суббота,5,2,0.495579,16
avtovo,суббота,5,3,0.435013,16
avtovo,суббота,6,0,0.155428,16
avtovo,суббота,6,1,0.228478,16
avtovo,суббота,6,2,0.280962,16
avtovo,суббота,6,3,0.335131,16
avtovo,суббота,7,0,0.223258,16
avtovo,суббота,7,1,0.213939,16
avtovo,суббота,7,2,0.251213,16
avtovo,суббота,7,3,0.31159,16
avtovo,суббота,8,0,0.261439,16
avtovo,суббота,8,1,0.252996,16
avtovo,суббота,8,2,0.248445,16
avtovo,суббота,8,3,0.23712,16
avtovo,суббота,9,0,0.261414,16
avtovo,суббота,9,1,0.27133,16
avtovo,суббота,9,2,0.23677,16
avtovo,суббота,9,3,0.230486,16
avtovo,суббота,10,0,0.247748,16
avtovo,суббота,10,1,0.277151,16
avtovo,суббота,10,2,0.227898,16
avtovo,суббота,10,3,0.247203,16
avtovo,суббота,11,0,0.245089,16
avtovo,суббота,11,1,0.267194,16
avtovo,суббота,11,2,0.250205,16
avtovo,суббота,11,3,0.237511,16
avtovo,суббота,12,0,0.249919,16
avtovo,суббота,12,1,0.250104,16
avtovo,суббота,12,2,0.250518,16
avtovo,суббота,12,3,0.249459,16
avtovo,суббота,13,0,0.25431,16
avtovo,суббота,13,1,0.244915,16
avtovo,суббота,13,2,0.257843,16
avtovo,суббота,13,3,0.242932,16
avtovo,суббота,14,0,0.24438,16
avtovo,суббота,14,1,0.262022,16
avtovo,суббота,14,2,0.248662,16
avtovo,суббота,14,3,0.244936,16
avtovo,суббота,15,0,0.270878,16
avtovo,суббота,15,1,0.251052,16
avtovo,суббота,15,2,0.231659,16
avtovo,суббота,15,3,0.24641,16
avtovo,суббота,16,0,0.254182,16
avtovo,суббота,16,1,0.258682,16
avtovo,суббота,16,2,0.259955,16
avtovo,суббота,16,3,0.227182,16
avtovo,суббота,17,0,0.260084,16
avtovo,суббота,17,1,0.252966,16
avtovo,суббота,17,2,0.23942,16
avtovo,суббота,17,3,0.24753,16
avtovo,суббота,18,0,0.254474,16
avtovo,суббота,18,1,0.265854,16
avtovo,суббота,18,2,0.255183,16
avtovo,суббота,18,3,0.224489,16
avtovo,суббота,19,0,0.279495,16
avtovo,суббота,19,1,0.247283,16
avtovo,суббота,19,2,0.240637,16
avtovo,суббота,19,3,0.232584,16
avtovo,суббота,20,0,0.296755,16
avtovo,суббота,20,1,0.271437,16
avtovo,суббота,20,2,0.229063,16
avtovo,суббота,20,3,0.202745,16
avtovo,суббота,21,0,0.321061,16
avtovo,суббота,21,1,0.285728,16
avtovo,суббота,21,2,0.214412,16
avtovo,суббота,21,3,0.1788,16
avtovo,суббота,22,0,0.277945,16
avtovo,суббота,22,1,0.264536,16
avtovo,суббота,22,2,0.2401,16
avtovo,суббота,22,3,0.217419,16
avtovo,суббота,23,0,0.311276,16
avtovo,суббота,23,1,0.271697,16
avtovo,суббота,23,2,0.226964,16
avtovo,суббота,23,3,0.190064,16
baltiyskaya,воскресенье,0,0,0.649901,17
baltiyskaya,воскресенье,0,1,0.304734,17
baltiyskaya,воскресенье,0,2,0.042406,17
baltiyskaya,воскресенье,0,3,0.002959,17
baltiyskaya,воскресенье,5,0,0.002784,17
baltiyskaya,воскресенье,5,1,0.003479,17
baltiyskaya,воскресенье,5,2,0.5762,17
baltiyskaya,воскресенье,5,3,0.417537,17
baltiyskaya,воскресенье,6,0,0.148647,17
baltiyskaya,воскресенье,6,1,0.30321,17
baltiyskaya,воскресенье,6,2,0.309717,17
baltiyskaya,воскресенье,6,3,0.238426,17
baltiyskaya,воскресенье,7,0,0.255787,17
baltiyskaya,воскресенье,7,1,0.243145,17
baltiyskaya,воскресенье,7,2,0.204505,17
baltiyskaya,воскресенье,7,3,0.296563,17
baltiyskaya,воскресенье,8,0,0.340423,17
baltiyskaya,воскресенье,8,1,0.164468,17
baltiyskaya,воскресенье,8,2,0.316188,17
baltiyskaya,воскресенье,8,3,0.178921,17
baltiyskaya,воскресенье,9,0,0.309586,17
baltiyskaya,воскресенье,9,1,0.255411,17
baltiyskaya,воскресенье,9,2,0.222257,17
baltiyskaya,воскресенье,9,3,0.212746,17
baltiyskaya,воскресенье,10,0,0.254663,17
baltiyskaya,воскресенье,10,1,0.256523,17
baltiyskaya,воскресенье,10,2,0.166169,17
baltiyskaya,воскресенье,10,3,0.322645,17
baltiyskaya,воскресенье,11,0,0.278322,17
baltiyskaya,воскресенье,11,1,0.224102,17
baltiyskaya,воскресенье,11,2,0.301771,17
baltiyskaya,воскресенье,11,3,0.195805,17
baltiyskaya,воскресенье,12,0,0.359261,17
baltiyskaya,воскресенье,12,1,0.192728,17
baltiyskaya,воскресенье,12,2,0.299524,17
baltiyskaya,воскресенье,12,3,0.148487,17
baltiyskaya,воскресенье,13,0,0.139459,17
baltiyskaya,воскресенье,13,1,0.382812,17
baltiyskaya,воскресенье,13,2,0.303055,17
baltiyskaya,воскресенье,13,3,0.174674,17
baltiyskaya,воскресенье,14,0,0.24262,17
baltiyskaya,воскресенье,14,1,0.130813,17
baltiyskaya,воскресенье,14,2,0.226319,17
baltiyskaya,воскресенье,14,3,0.400248,17
baltiyskaya,воскресенье,15,0,0.378575,17
baltiyskaya,воскресенье,15,1,0.27774,17
baltiyskaya,воскресенье,15,2,0.187546,17
baltiyskaya,воскресенье,15,3,0.156139,17
baltiyskaya,воскресенье,16,0,0.193244,17
baltiyskaya,воскресенье,16,1,0.34903,17
baltiyskaya,воскресенье,16,2,0.164869,17
baltiyskaya,воскресенье,16,3,0.292858,17
baltiyskaya,воскресенье,17,0,0.218929,17
baltiyskaya,воскресенье,17,1,0.394769,17
baltiyskaya,воскресенье,17,2,0.159188,17
baltiyskaya,воскресенье,17,3,0.227113,17
baltiyskaya,воскресенье,18,0,0.344121,17
baltiyskaya,воскресенье,18,1,0.177674,17
baltiyskaya,воскресенье,18,2,0.203703,17
baltiyskaya,воскресенье,18,3,0.274501,17
baltiyskaya,воскресенье,19,0,0.289028,17
baltiyskaya,воскресенье,19,1,0.202324,17
baltiyskaya,воскресенье,19,2,0.252082,17
baltiyskaya,воскресенье,19,3,0.256566,17
baltiyskaya,воскресенье,20,0,0.352348,17
baltiyskaya,воскресенье,20,1,0.213027,17
baltiyskaya,воскресенье,20,2,0.20528,17
baltiyskaya,воскресенье,20,3,0.229345,17
baltiyskaya,воскресенье,21,0,0.27065,17
baltiyskaya,воскресенье,21,1,0.232483,17
baltiyskaya,воскресенье,21,2,0.272375,17
baltiyskaya,воскресенье,21,3,0.224492,17
baltiyskaya,воскресенье,22,0,0.354742,17
baltiyskaya,воскресенье,22,1,0.248127,17
baltiyskaya,воскресенье,22,2,0.174233,17
baltiyskaya,воскресенье,22,3,0.222898,17
baltiyskaya,воскресенье,23,0,0.302602,17
baltiyskaya,воскресенье,23,1,0.393183,17
baltiyskaya,воскресенье,23,2,0.183107,17
baltiyskaya,воскресенье,23,3,0.121108,17
baltiyskaya,рабочий,0,0,0.667377,80
baltiyskaya,рабочий,0,1,0.296066,80
baltiyskaya,рабочий,0,2,0.034426,80
baltiyskaya,рабочий,0,3,0.002131,80
baltiyskaya,рабочий,5,0,0.007815,80
baltiyskaya,рабочий,5,1,0.006129,80
baltiyskaya,рабочий,5,2,0.465369,80
baltiyskaya,рабочий,5,3,0.520686,80
baltiyskaya,рабочий,6,0,0.091872,80
baltiyskaya,рабочий,6,1,0.289084,80
baltiyskaya,рабочий,6,2,0.257295,80
baltiyskaya,рабочий,6,3,0.361748,80
baltiyskaya,рабочий,7,0,0.158753,80
baltiyskaya,рабочий,7,1,0.18619,80
baltiyskaya,рабочий,7,2,0.308222,80
baltiyskaya,рабочий,7,3,0.346835,80
baltiyskaya,рабочий,8,0,0.293006,61
baltiyskaya,рабочий,8,1,0.278071,61
baltiyskaya,рабочий,8,2,0.233592,61
baltiyskaya,рабочий,8,3,0.195331,61
baltiyskaya,рабочий,9,0,0.243023,74
baltiyskaya,рабочий,9,1,0.303655,74
baltiyskaya,рабочий,9,2,0.242795,74
baltiyskaya,рабочий,9,3,0.210526,74
baltiyskaya,рабочий,10,0,0.309275,80
baltiyskaya,рабочий,10,1,0.277931,80
baltiyskaya,рабочий,10,2,0.183248,80
baltiyskaya,рабочий,10,3,0.229546,80
baltiyskaya,рабочий,11,0,0.302181,80
baltiyskaya,рабочий,11,1,0.257865,80
baltiyskaya,рабочий,11,2,0.286594,80
baltiyskaya,рабочий,11,3,0.15336,80
baltiyskaya,рабочий,12,0,0.359736,80
baltiyskaya,рабочий,12,1,0.287083,80
baltiyskaya,рабочий,12,2,0.179952,80
baltiyskaya,рабочий,12,3,0.173229,80
baltiyskaya,рабочий,13,0,0.246115,80
baltiyskaya,рабочий,13,1,0.257835,80
baltiyskaya,рабочий,13,2,0.248165,80
baltiyskaya,рабочий,13,3,0.247885,80
baltiyskaya,рабочий,14,0,0.166406,80
baltiyskaya,рабочий,14,1,0.182374,80
baltiyskaya,рабочий,14,2,0.251871,80
baltiyskaya,рабочий,14,3,0.399349,80
baltiyskaya,рабочий,15,0,0.288869,80
baltiyskaya,рабочий,15,1,0.241828,80
baltiyskaya,рабочий,15,2,0.234386,80
baltiyskaya,рабочий,15,3,0.234918,80
baltiyskaya,рабочий,16,0,0.198206,80
baltiyskaya,рабочий,16,1,0.265173,80
baltiyskaya,рабочий,16,2,0.239894,80
baltiyskaya,рабочий,16,3,0.296727,80
baltiyskaya,рабочий,17,0,0.245899,80
baltiyskaya,рабочий,17,1,0.285168,80
baltiyskaya,рабочий,17,2,0.2322,80
baltiyskaya,рабочий,17,3,0.236733,80
baltiyskaya,рабочий,18,0,0.298623,80
baltiyskaya,рабочий,18,1,0.28208,80
baltiyskaya,рабочий,18,2,0.220286,80
baltiyskaya,рабочий,18,3,0.199011,80
baltiyskaya,рабочий,19,0,0.318187,80
baltiyskaya,рабочий,19,1,0.249033,80
baltiyskaya,рабочий,19,2,0.234097,80
baltiyskaya,рабочий,19,3,0.198684,80
baltiyskaya,рабочий,20,0,0.305229,80
baltiyskaya,рабочий,20,1,0.282652,80
baltiyskaya,рабочий,20,2,0.206966,80
baltiyskaya,рабочий,20,3,0.205152,80
baltiyskaya,рабочий,21,0,0.285746,80
baltiyskaya,рабочий,21,1,0.27215,80
baltiyskaya,рабочий,21,2,0.252772,80
baltiyskaya,рабочий,21,3,0.189331,80
baltiyskaya,рабочий,22,0,0.30297,80
baltiyskaya,рабочий,22,1,0.310107,80
baltiyskaya,рабочий,22,2,0.192148,80
baltiyskaya,рабочий,22,3,0.194776,80
baltiyskaya,рабочий,23,0,0.27683,80
baltiyskaya,рабочий,23,1,0.388776,80
baltiyskaya,рабочий,23,2,0.193589,80
baltiyskaya,рабочий,23,3,0.140806,80
baltiyskaya,суббота,0,0,0.75374,16
baltiyskaya,суббота,0,1,0.228423,16
baltiyskaya,суббота,0,2,0.017261,16
baltiyskaya,суббота,0,3,0.000575,16
baltiyskaya,суббота,5,0,0.027778,16
baltiyskaya,суббота,5,1,0.01936,16
baltiyskaya,суббота,5,2,0.453704,16
baltiyskaya,суббота,5,3,0.499158,16
baltiyskaya,суббота,6,0,0.130886,16
baltiyskaya,суббота,6,1,0.339595,16
baltiyskaya,суббота,6,2,0.296048,16
baltiyskaya,суббота,6,3,0.233472,16
baltiyskaya,суббота,7,0,0.250098,16
baltiyskaya,суббота,7,1,0.25867,16
baltiyskaya,суббота,7,2,0.209069,16
baltiyskaya,суббота,7,3,0.282162,16
baltiyskaya,суббота,8,0,0.349048,16
baltiyskaya,суббота,8,1,0.171856,16
baltiyskaya,суббота,8,2,0.313289,16
baltiyskaya,суббота,8,3,0.165807,16
baltiyskaya,суббота,9,0,0.310845,16
baltiyskaya,суббота,9,1,0.265495,16
baltiyskaya,суббота,9,2,0.209575,16
baltiyskaya,суббота,9,3,0.214085,16
baltiyskaya,суббота,10,0,0.275561,16
baltiyskaya,суббота,10,1,0.272634,16
baltiyskaya,суббота,10,2,0.174729,16
baltiyskaya,суббота,10,3,0.277077,16
baltiyskaya,суббота,11,0,0.265331,16
baltiyskaya,суббота,11,1,0.231197,16
baltiyskaya,суббота,11,2,0.296516,16
baltiyskaya,суббота,11,3,0.206956,16
baltiyskaya,суббота,12,0,0.339349,16
baltiyskaya,суббота,12,1,0.20473,16
baltiyskaya,суббота,12,2,0.296323,16
baltiyskaya,суббота,12,3,0.159598,16
baltiyskaya,суббота,13,0,0.183405,16
baltiyskaya,суббота,13,1,0.352175,16
baltiyskaya,суббота,13,2,0.269032,16
baltiyskaya,суббота,13,3,0.195388,16
baltiyskaya,суббота,14,0,0.267789,16
baltiyskaya,суббота,14,1,0.166121,16
baltiyskaya,суббота,14,2,0.209934,16
baltiyskaya,суббота,14,3,0.356156,16
baltiyskaya,суббота,15,0,0.329374,16
baltiyskaya,суббота,15,1,0.274664,16
baltiyskaya,суббота,15,2,0.213447,16
baltiyskaya,суббота,15,3,0.182515,16
baltiyskaya,суббота,16,0,0.177012,16
baltiyskaya,суббота,16,1,0.324414,16
baltiyskaya,суббота,16,2,0.210161,16
baltiyskaya,суббота,16,3,0.288413,16
baltiyskaya,суббота,17,0,0.239973,16
baltiyskaya,суббота,17,1,0.372235,16
baltiyskaya,суббота,17,2,0.170457,16
baltiyskaya,суббота,17,3,0.217335,16
baltiyskaya,суббота,18,0,0.334401,16
baltiyskaya,суббота,18,1,0.197915,16
baltiyskaya,суббота,18,2,0.247054,16
baltiyskaya,суббота,18,3,0.22063,16
baltiyskaya,суббота,19,0,0.275448,16
baltiyskaya,суббота,19,1,0.246231,16
baltiyskaya,суббота,19,2,0.23714,16
baltiyskaya,суббота,19,3,0.241181,16
baltiyskaya,суббота,20,0,0.381584,16
baltiyskaya,суббота,20,1,0.23158,16
baltiyskaya,суббота,20,2,0.166829,16
baltiyskaya,суббота,20,3,0.220007,16
baltiyskaya,суббота,21,0,0.297602,16
baltiyskaya,суббота,21,1,0.234263,16
baltiyskaya,суббота,21,2,0.261134,16
baltiyskaya,суббота,21,3,0.207001,16
baltiyskaya,суббота,22,0,0.331828,16
baltiyskaya,суббота,22,1,0.241214,16
baltiyskaya,суббота,22,2,0.197918,16
baltiyskaya,суббота,22,3,0.22904,16
baltiyskaya,суббота,23,0,0.260499,16
baltiyskaya,суббота,23,1,0.346585,16
baltiyskaya,суббота,23,2,0.22799,16
baltiyskaya,суббота,23,3,0.164927,16
chernyshevskaya,воскресенье,0,0,0.704745,17
chernyshevskaya,воскресенье,0,1,0.284271,17
chernyshevskaya,воскресенье,0,2,0.007469,17
chernyshevskaya,воскресенье,0,3,0.003515,17
chernyshevskaya,воскресенье,5,0,0.007817,17
chernyshevskaya,воскресенье,5,1,0.011985,17
chernyshevskaya,воскресенье,5,2,0.57061,17
chernyshevskaya,воскресенье,5,3,0.409588,17
chernyshevskaya,воскресенье,6,0,0.264185,17
chernyshevskaya,воскресенье,6,1,0.262984,17
chernyshevskaya,воскресенье,6,2,0.225758,17
chernyshevskaya,воскресенье,6,3,0.247073,17
chernyshevskaya,воскресенье,7,0,0.210537,17
chernyshevskaya,воскресенье,7,1,0.251538,17
chernyshevskaya,воскресенье,7,2,0.241902,17
chernyshevskaya,воскресенье,7,3,0.296023,17
chernyshevskaya,воскресенье,8,0,0.230575,17
chernyshevskaya,воскресенье,8,1,0.260725,17
chernyshevskaya,воскресенье,8,2,0.249037,17
chernyshevskaya,воскресенье,8,3,0.259663,17
chernyshevskaya,воскресенье,9,0,0.239435,17
chernyshevskaya,воскресенье,9,1,0.265416,17
chernyshevskaya,воскресенье,9,2,0.257762,17
chernyshevskaya,воскресенье,9,3,0.237387,17
chernyshevskaya,воскресенье,10,0,0.236382,17
chernyshevskaya,воскресенье,10,1,0.242017,17
chernyshevskaya,воскресенье,10,2,0.267029,17
chernyshevskaya,воскресенье,10,3,0.254572,17
chernyshevskaya,воскресенье,11,0,0.23379,17
chernyshevskaya,воскресенье,11,1,0.248955,17
chernyshevskaya,воскресенье,11,2,0.262726,17
chernyshevskaya,воскресенье,11,3,0.254529,17
chernyshevskaya,воскресенье,12,0,0.219846,17
chernyshevskaya,воскресенье,12,1,0.251874,17
chernyshevskaya,воскресенье,12,2,0.253749,17
chernyshevskaya,воскресенье,12,3,0.274531,17
chernyshevskaya,воскресенье,13,0,0.234607,17
chernyshevskaya,воскресенье,13,1,0.280291,17
chernyshevskaya,воскресенье,13,2,0.262825,17
chernyshevskaya,воскресенье,13,3,0.222276,17
chernyshevskaya,воскресенье,14,0,0.254322,17
chernyshevskaya,воскресенье,14,1,0.259069,17
chernyshevskaya,воскресенье,14,2,0.248007,17
chernyshevskaya,воскресенье,14,3,0.238603,17
chernyshevskaya,воскресенье,15,0,0.241572,17
chernyshevskaya,воскресенье,15,1,0.241489,17
chernyshevskaya,воскресенье,15,2,0.252713,17
chernyshevskaya,воскресенье,15,3,0.264226,17
chernyshevskaya,воскресенье,16,0,0.243748,17
chernyshevskaya,воскресенье,16,1,0.254103,17
chernyshevskaya,воскресенье,16,2,0.248789,17
chernyshevskaya,воскресенье,16,3,0.25336,17
chernyshevskaya,воскресенье,17,0,0.249163,17
chernyshevskaya,воскресенье,17,1,0.253468,17
chernyshevskaya,воскресенье,17,2,0.247626,17
chernyshevskaya,воскресенье,17,3,0.249744,17
chernyshevskaya,воскресенье,18,0,0.254699,17
chernyshevskaya,воскресенье,18,1,0.253735,17
chernyshevskaya,воскресенье,18,2,0.24792,17
chernyshevskaya,воскресенье,18,3,0.243646,17
chernyshevskaya,воскресенье,19,0,0.256063,17
chernyshevskaya,воскресенье,19,1,0.254559,17
chernyshevskaya,воскресенье,19,2,0.251584,17
chernyshevskaya,воскресенье,19,3,0.237794,17
chernyshevskaya,воскресенье,20,0,0.269894,17
chernyshevskaya,воскресенье,20,1,0.265215,17
chernyshevskaya,воскресенье,20,2,0.241256,17
chernyshevskaya,воскресенье,20,3,0.223634,17
chernyshevskaya,воскресенье,21,0,0.288229,17
chernyshevskaya,воскресенье,21,1,0.275622,17
chernyshevskaya,воскресенье,21,2,0.231704,17
chernyshevskaya,воскресенье,21,3,0.204445,17
chernyshevskaya,воскресенье,22,0,0.28507,17
chernyshevskaya,воскресенье,22,1,0.275074,17
chernyshevskaya,воскресенье,22,2,0.231501,17
chernyshevskaya,воскресенье,22,3,0.208356,17
chernyshevskaya,воскресенье,23,0,0.308938,17
chernyshevskaya,воскресенье,23,1,0.27564,17
chernyshevskaya,воскресенье,23,2,0.224325,17
chernyshevskaya,воскресенье,23,3,0.191097,17
chernyshevskaya,рабочий,0,0,0.678049,79
chernyshevskaya,рабочий,0,1,0.305314,79
chernyshevskaya,рабочий,0,2,0.009408,79
chernyshevskaya,рабочий,0,3,0.00723,79
chernyshevskaya,рабочий,5,0,0.008677,80
chernyshevskaya,рабочий,5,1,0.013497,80
chernyshevskaya,рабочий,5,2,0.551458,80
chernyshevskaya,рабочий,5,3,0.426368,80
chernyshevskaya,рабочий,6,0,0.187813,80
chernyshevskaya,рабочий,6,1,0.268404,80
chernyshevskaya,рабочий,6,2,0.24551,80
chernyshevskaya,рабочий,6,3,0.298273,80
chernyshevskaya,рабочий,7,0,0.208701,80
chernyshevskaya,рабочий,7,1,0.236773,80
chernyshevskaya,рабочий,7,2,0.251552,80
chernyshevskaya,рабочий,7,3,0.302975,80
chernyshevskaya,рабочий,8,0,0.242217,80
chernyshevskaya,рабочий,8,1,0.295808,80
chernyshevskaya,рабочий,8,2,0.252444,80
chernyshevskaya,рабочий,8,3,0.20953,80
chernyshevskaya,рабочий,9,0,0.233381,80
chernyshevskaya,рабочий,9,1,0.274962,80
chernyshevskaya,рабочий,9,2,0.257941,80
chernyshevskaya,рабочий,9,3,0.233715,80
chernyshevskaya,рабочий,10,0,0.240377,80
chernyshevskaya,рабочий,10,1,0.259082,80
chernyshevskaya,рабочий,10,2,0.252086,80
chernyshevskaya,рабочий,10,3,0.248454,80
chernyshevskaya,рабочий,11,0,0.232264,80
chernyshevskaya,рабочий,11,1,0.248874,80
chernyshevskaya,рабочий,11,2,0.260873,80
chernyshevskaya,рабочий,11,3,0.257988,80
chernyshevskaya,рабочий,12,0,0.228903,80
chernyshevskaya,рабочий,12,1,0.253239,80
chernyshevskaya,рабочий,12,2,0.259625,80
chernyshevskaya,рабочий,12,3,0.258233,80
chernyshevskaya,рабочий,13,0,0.241022,80
chernyshevskaya,рабочий,13,1,0.268628,80
chernyshevskaya,рабочий,13,2,0.256256,80
chernyshevskaya,рабочий,13,3,0.234094,80
chernyshevskaya,рабочий,14,0,0.222569,80
chernyshevskaya,рабочий,14,1,0.257794,80
chernyshevskaya,рабочий,14,2,0.250642,80
chernyshevskaya,рабочий,14,3,0.268995,80
chernyshevskaya,рабочий,15,0,0.236992,80
chernyshevskaya,рабочий,15,1,0.266141,80
chernyshevskaya,рабочий,15,2,0.244547,80
chernyshevskaya,рабочий,15,3,0.25232,80
chernyshevskaya,рабочий,16,0,0.221804,80
chernyshevskaya,рабочий,16,1,0.249783,80
chernyshevskaya,рабочий,16,2,0.250133,80
chernyshevskaya,рабочий,16,3,0.27828,80
chernyshevskaya,рабочий,17,0,0.239293,80
chernyshevskaya,рабочий,17,1,0.260724,80
chernyshevskaya,рабочий,17,2,0.242407,80
chernyshevskaya,рабочий,17,3,0.257576,80
chernyshevskaya,рабочий,18,0,0.274306,80
chernyshevskaya,рабочий,18,1,0.29313,80
chernyshevskaya,рабочий,18,2,0.249852,80
chernyshevskaya,рабочий,18,3,0.182711,80
chernyshevskaya,рабочий,19,0,0.31079,80
chernyshevskaya,рабочий,19,1,0.278341,80
chernyshevskaya,рабочий,19,2,0.220944,80
chernyshevskaya,рабочий,19,3,0.189924,80
chernyshevskaya,рабочий,20,0,0.293667,80
chernyshevskaya,рабочий,20,1,0.274477,80
chernyshevskaya,рабочий,20,2,0.226292,80
chernyshevskaya,рабочий,20,3,0.205565,80
chernyshevskaya,рабочий,21,0,0.287012,80
chernyshevskaya,рабочий,21,1,0.278314,80
chernyshevskaya,рабочий,21,2,0.227463,80
chernyshevskaya,рабочий,21,3,0.207211,80
chernyshevskaya,рабочий,22,0,0.307111,80
chernyshevskaya,рабочий,22,1,0.283807,80
chernyshevskaya,рабочий,22,2,0.223264,80
chernyshevskaya,рабочий,22,3,0.185817,80
chernyshevskaya,рабочий,23,0,0.299126,80
chernyshevskaya,рабочий,23,1,0.277195,80
chernyshevskaya,рабочий,23,2,0.21563,80
chernyshevskaya,рабочий,23,3,0.208049,80
chernyshevskaya,суббота,0,0,0.702484,16
chernyshevskaya,суббота,0,1,0.293051,16
chernyshevskaya,суббота,0,2,0.00307,16
chernyshevskaya,суббота,0,3,0.001395,16
chernyshevskaya,суббота,5,0,0.022018,16
chernyshevskaya,суббота,5,1,0.0263,16
chernyshevskaya,суббота,5,2,0.512538,16
chernyshevskaya,суббота,5,3,0.439144,16
chernyshevskaya,суббота,6,0,0.23772,16
chernyshevskaya,суббота,6,1,0.267571,16
chernyshevskaya,суббота,6,2,0.226052,16
chernyshevskaya,суббота,6,3,0.268657,16
chernyshevskaya,суббота,7,0,0.231954,16
chernyshevskaya,суббота,7,1,0.250331,16
chernyshevskaya,суббота,7,2,0.22798,16
chernyshevskaya,суббота,7,3,0.289735,16
chernyshevskaya,суббота,8,0,0.244396,16
chernyshevskaya,суббота,8,1,0.273638,16
chernyshevskaya,суббота,8,2,0.241779,16
chernyshevskaya,суббота,8,3,0.240187,16
chernyshevskaya,суббота,9,0,0.234707,16
chernyshevskaya,суббота,9,1,0.276949,16
chernyshevskaya,суббота,9,2,0.250839,16
chernyshevskaya,суббота,9,3,0.237505,16
chernyshevskaya,суббота,10,0,0.224611,16
chernyshevskaya,суббота,10,1,0.267162,16
chernyshevskaya,суббота,10,2,0.253539,16
chernyshevskaya,суббота,10,3,0.254689,16
chernyshevskaya,суббота,11,0,0.222144,16
chernyshevskaya,суббота,11,1,0.258579,16
chernyshevskaya,суббота,11,2,0.25985,16
chernyshevskaya,суббота,11,3,0.259427,16
chernyshevskaya,суббота,12,0,0.221949,16
chernyshevskaya,суббота,12,1,0.24702,16
chernyshevskaya,суббота,12,2,0.274444,16
chernyshevskaya,суббота,12,3,0.256587,16
chernyshevskaya,суббота,13,0,0.238223,16
chernyshevskaya,суббота,13,1,0.263007,16
chernyshevskaya,суббота,13,2,0.260774,16
chernyshevskaya,суббота,13,3,0.237995,16
chernyshevskaya,суббота,14,0,0.233863,16
chernyshevskaya,суббота,14,1,0.263806,16
chernyshevskaya,суббота,14,2,0.25867,16
chernyshevskaya,суббота,14,3,0.243662,16
chernyshevskaya,суббота,15,0,0.240651,16
chernyshevskaya,суббота,15,1,0.267708,16
chernyshevskaya,суббота,15,2,0.244291,16
chernyshevskaya,суббота,15,3,0.247351,16
chernyshevskaya,суббота,16,0,0.242494,16
chernyshevskaya,суббота,16,1,0.268137,16
chernyshevskaya,суббота,16,2,0.249857,16
chernyshevskaya,суббота,16,3,0.239511,16
chernyshevskaya,суббота,17,0,0.230973,16
chernyshevskaya,суббота,17,1,0.252818,16
chernyshevskaya,суббота,17,2,0.246177,16
chernyshevskaya,суббота,17,3,0.270032,16
chernyshevskaya,суббота,18,0,0.256832,16
chernyshevskaya,суббота,18,1,0.262561,16
chernyshevskaya,суббота,18,2,0.244486,16
chernyshevskaya,суббота,18,3,0.236122,16
chernyshevskaya,суббота,19,0,0.267025,16
chernyshevskaya,суббота,19,1,0.256776,16
chernyshevskaya,суббота,19,2,0.252364,16
chernyshevskaya,суббота,19,3,0.223836,16
chernyshevskaya,суббота,20,0,0.277042,16
chernyshevskaya,суббота,20,1,0.263686,16
chernyshevskaya,суббота,20,2,0.238346,16
chernyshevskaya,суббота,20,3,0.220926,16
chernyshevskaya,суббота,21,0,0.294595,16
chernyshevskaya,суббота,21,1,0.263841,16
chernyshevskaya,суббота,21,2,0.230327,16
chernyshevskaya,суббота,21,3,0.211237,16
chernyshevskaya,суббота,22,0,0.283408,16
chernyshevskaya,суббота,22,1,0.268518,16
chernyshevskaya,суббота,22,2,0.235894,16
chernyshevskaya,суббота,22,3,0.21218,16
chernyshevskaya,суббота,23,0,0.271556,16
chernyshevskaya,суббота,23,1,0.25964,16
chernyshevskaya,суббота,23,2,0.23586,16
chernyshevskaya,суббота,23,3,0.232945,16
devyatkino,воскресенье,5,0,0.006372,17
devyatkino,воскресенье,5,1,0.020676,17
devyatkino,воскресенье,5,2,0.449675,17
devyatkino,воскресенье,5,3,0.523277,17
devyatkino,воскресенье,6,0,0.191373,17
devyatkino,воскресенье,6,1,0.228526,17
devyatkino,воскресенье,6,2,0.274232,17
devyatkino,воскресенье,6,3,0.305869,17
devyatkino,воскресенье,7,0,0.238022,17
devyatkino,воскресенье,7,1,0.240913,17
devyatkino,воскресенье,7,2,0.227735,17
devyatkino,воскресенье,7,3,0.29333,17
devyatkino,воскресенье,8,0,0.218842,17
devyatkino,воскресенье,8,1,0.247876,17
devyatkino,воскресенье,8,2,0.248798,17
devyatkino,воскресенье,8,3,0.284484,17
devyatkino,воскресенье,9,0,0.279029,17
devyatkino,воскресенье,9,1,0.25551,17
devyatkino,воскресенье,9,2,0.229974,17
devyatkino,воскресенье,9,3,0.235487,17
devyatkino,воскресенье,10,0,0.257277,17
devyatkino,воскресенье,10,1,0.260046,17
devyatkino,воскресенье,10,2,0.237377,17
devyatkino,воскресенье,10,3,0.2453,17
devyatkino,воскресенье,11,0,0.279118,17
devyatkino,воскресенье,11,1,0.25168,17
devyatkino,воскресенье,11,2,0.241965,17
devyatkino,воскресенье,11,3,0.227237,17
devyatkino,воскресенье,12,0,0.232651,17
devyatkino,воскресенье,12,1,0.271554,17
devyatkino,воскресенье,12,2,0.257194,17
devyatkino,воскресенье,12,3,0.238601,17
devyatkino,воскресенье,13,0,0.237548,17
devyatkino,воскресенье,13,1,0.278296,17
devyatkino,воскресенье,13,2,0.260015,17
devyatkino,воскресенье,13,3,0.224141,17
devyatkino,воскресенье,14,0,0.236668,17
devyatkino,воскресенье,14,1,0.316517,17
devyatkino,воскресенье,14,2,0.225631,17
devyatkino,воскресенье,14,3,0.221185,17
devyatkino,воскресенье,15,0,0.27649,17
devyatkino,воскресенье,15,1,0.228267,17
devyatkino,воскресенье,15,2,0.274023,17
devyatkino,воскресенье,15,3,0.22122,17
devyatkino,воскресенье,16,0,0.22727,17
devyatkino,воскресенье,16,1,0.249097,17
devyatkino,воскресенье,16,2,0.285496,17
devyatkino,воскресенье,16,3,0.238137,17
devyatkino,воскресенье,17,0,0.226813,17
devyatkino,воскресенье,17,1,0.304703,17
devyatkino,воскресенье,17,2,0.255611,17
devyatkino,воскресенье,17,3,0.212873,17
devyatkino,воскресенье,18,0,0.292711,17
devyatkino,воскресенье,18,1,0.218602,17
devyatkino,воскресенье,18,2,0.282217,17
devyatkino,воскресенье,18,3,0.20647,17
devyatkino,воскресенье,19,0,0.282709,17
devyatkino,воскресенье,19,1,0.233468,17
devyatkino,воскресенье,19,2,0.247436,17
devyatkino,воскресенье,19,3,0.236387,17
devyatkino,воскресенье,20,0,0.298964,17
devyatkino,воскресенье,20,1,0.25375,17
devyatkino,воскресенье,20,2,0.220998,17
devyatkino,воскресенье,20,3,0.226289,17
devyatkino,воскресенье,21,0,0.223656,17
devyatkino,воскресенье,21,1,0.372072,17
devyatkino,воскресенье,21,2,0.196796,17
devyatkino,воскресенье,21,3,0.207475,17
devyatkino,воскресенье,22,0,0.299628,17
devyatkino,воскресенье,22,1,0.252856,17
devyatkino,воскресенье,22,2,0.252923,17
devyatkino,воскресенье,22,3,0.194593,17
devyatkino,воскресенье,23,0,0.386726,17
devyatkino,воскресенье,23,1,0.235364,17
devyatkino,воскресенье,23,2,0.186528,17
devyatkino,воскресенье,23,3,0.191382,17
devyatkino,рабочий,0,0,0.787024,80
devyatkino,рабочий,0,1,0.187588,80
devyatkino,рабочий,0,2,0.023977,80
devyatkino,рабочий,0,3,0.00141,80
devyatkino,рабочий,5,0,0.00238,80
devyatkino,рабочий,5,1,0.01369,80
devyatkino,рабочий,5,2,0.492398,80
devyatkino,рабочий,5,3,0.491533,80
devyatkino,рабочий,6,0,0.17669,80
devyatkino,рабочий,6,1,0.226724,80
devyatkino,рабочий,6,2,0.265746,80
devyatkino,рабочий,6,3,0.33084,80
devyatkino,рабочий,7,0,0.199555,80
devyatkino,рабочий,7,1,0.226121,80
devyatkino,рабочий,7,2,0.25659,80
devyatkino,рабочий,7,3,0.317734,80
devyatkino,рабочий,8,0,0.297971,80
devyatkino,рабочий,8,1,0.274592,80
devyatkino,рабочий,8,2,0.228036,80
devyatkino,рабочий,8,3,0.199401,80
devyatkino,рабочий,9,0,0.302988,80
devyatkino,рабочий,9,1,0.282944,80
devyatkino,рабочий,9,2,0.227457,80
devyatkino,рабочий,9,3,0.186611,80
devyatkino,рабочий,10,0,0.289733,80
devyatkino,рабочий,10,1,0.274559,80
devyatkino,рабочий,10,2,0.228471,80
devyatkino,рабочий,10,3,0.207237,80
devyatkino,рабочий,11,0,0.270624,80
devyatkino,рабочий,11,1,0.249804,80
devyatkino,рабочий,11,2,0.240856,80
devyatkino,рабочий,11,3,0.238716,80
devyatkino,рабочий,12,0,0.252116,80
devyatkino,рабочий,12,1,0.25743,80
devyatkino,рабочий,12,2,0.258884,80
devyatkino,рабочий,12,3,0.231569,80
devyatkino,рабочий,13,0,0.251016,80
devyatkino,рабочий,13,1,0.261878,80
devyatkino,рабочий,13,2,0.253717,80
devyatkino,рабочий,13,3,0.233389,80
devyatkino,рабочий,14,0,0.239513,80
devyatkino,рабочий,14,1,0.331819,80
devyatkino,рабочий,14,2,0.21714,80
devyatkino,рабочий,14,3,0.211527,80
devyatkino,рабочий,15,0,0.260417,80
devyatkino,рабочий,15,1,0.250241,80
devyatkino,рабочий,15,2,0.243809,80
devyatkino,рабочий,15,3,0.245533,80
devyatkino,рабочий,16,0,0.239075,80
devyatkino,рабочий,16,1,0.23489,80
devyatkino,рабочий,16,2,0.229429,80
devyatkino,рабочий,16,3,0.296606,80
devyatkino,рабочий,17,0,0.22196,80
devyatkino,рабочий,17,1,0.277669,80
devyatkino,рабочий,17,2,0.274552,80
devyatkino,рабочий,17,3,0.225818,80
devyatkino,рабочий,18,0,0.266236,80
devyatkino,рабочий,18,1,0.244788,80
devyatkino,рабочий,18,2,0.276129,80
devyatkino,рабочий,18,3,0.212847,80
devyatkino,рабочий,19,0,0.284553,80
devyatkino,рабочий,19,1,0.242621,80
devyatkino,рабочий,19,2,0.242723,80
devyatkino,рабочий,19,3,0.230104,80
devyatkino,рабочий,20,0,0.296605,80
devyatkino,рабочий,20,1,0.258751,80
devyatkino,рабочий,20,2,0.231785,80
devyatkino,рабочий,20,3,0.212859,80
devyatkino,рабочий,21,0,0.240318,80
devyatkino,рабочий,21,1,0.333422,80
devyatkino,рабочий,21,2,0.220649,80
devyatkino,рабочий,21,3,0.205611,80
devyatkino,рабочий,22,0,0.29947,80
devyatkino,рабочий,22,1,0.277019,80
devyatkino,рабочий,22,2,0.233663,80
devyatkino,рабочий,22,3,0.189848,80
devyatkino,рабочий,23,0,0.346983,80
devyatkino,рабочий,23,1,0.249154,80
devyatkino,рабочий,23,2,0.201279,80
devyatkino,рабочий,23,3,0.202584,80
devyatkino,суббота,5,0,0.006142,16
devyatkino,суббота,5,1,0.020383,16
devyatkino,суббота,5,2,0.455452,16
devyatkino,суббота,5,3,0.518024,16
devyatkino,суббота,6,0,0.197013,16
devyatkino,суббота,6,1,0.247872,16
devyatkino,суббота,6,2,0.268083,16
devyatkino,суббота,6,3,0.287032,16
devyatkino,суббота,7,0,0.218565,16
devyatkino,суббота,7,1,0.224376,16
devyatkino,суббота,7,2,0.24004,16
devyatkino,суббота,7,3,0.317018,16
devyatkino,суббота,8,0,0.252512,16
devyatkino,суббота,8,1,0.256239,16
devyatkino,суббота,8,2,0.246938,16
devyatkino,суббота,8,3,0.244311,16
devyatkino,суббота,9,0,0.26918,16
devyatkino,суббота,9,1,0.276803,16
devyatkino,суббота,9,2,0.230374,16
devyatkino,суббота,9,3,0.223643,16
devyatkino,суббота,10,0,0.259441,16
devyatkino,суббота,10,1,0.27551,16
devyatkino,суббота,10,2,0.228641,16
devyatkino,суббота,10,3,0.236409,16
devyatkino,суббота,11,0,0.263937,16
devyatkino,суббота,11,1,0.258144,16
devyatkino,суббота,11,2,0.244022,16
devyatkino,суббота,11,3,0.233897,16
devyatkino,суббота,12,0,0.241704,16
devyatkino,суббота,12,1,0.273306,16
devyatkino,суббота,12,2,0.247631,16
devyatkino,суббота,12,3,0.237359,16
devyatkino,суббота,13,0,0.245019,16
devyatkino,суббота,13,1,0.273301,16
devyatkino,суббота,13,2,0.253916,16
devyatkino,суббота,13,3,0.227765,16
devyatkino,суббота,14,0,0.245816,16
devyatkino,суббота,14,1,0.302138,16
devyatkino,суббота,14,2,0.225882,16
devyatkino,суббота,14,3,0.226165,16
devyatkino,суббота,15,0,0.267065,16
devyatkino,суббота,15,1,0.2355,16
devyatkino,суббота,15,2,0.264744,16
devyatkino,суббота,15,3,0.232691,16
devyatkino,суббота,16,0,0.244452,16
devyatkino,суббота,16,1,0.251465,16
devyatkino,суббота,16,2,0.264211,16
devyatkino,суббота,16,3,0.239872,16
devyatkino,суббота,17,0,0.240076,16
devyatkino,суббота,17,1,0.288451,16
devyatkino,суббота,17,2,0.250966,16
devyatkino,суббота,17,3,0.220507,16
devyatkino,суббота,18,0,0.284787,16
devyatkino,суббота,18,1,0.233978,16
devyatkino,суббота,18,2,0.265272,16
devyatkino,суббота,18,3,0.215963,16
devyatkino,суббота,19,0,0.289061,16
devyatkino,суббота,19,1,0.243154,16
devyatkino,суббота,19,2,0.246607,16
devyatkino,суббота,19,3,0.221178,16
devyatkino,суббота,20,0,0.292172,16
devyatkino,суббота,20,1,0.261596,16
devyatkino,суббота,20,2,0.227727,16
devyatkino,суббота,20,3,0.218505,16
devyatkino,суббота,21,0,0.230278,16
devyatkino,суббота,21,1,0.335925,16
devyatkino,суббота,21,2,0.218781,16
devyatkino,суббота,21,3,0.215016,16
devyatkino,суббота,22,0,0.295201,16
devyatkino,суббота,22,1,0.275422,16
devyatkino,суббота,22,2,0.237808,16
devyatkino,суббота,22,3,0.191569,16
devyatkino,суббота,23,0,0.326076,16
devyatkino,суббота,23,1,0.250652,16
devyatkino,суббота,23,2,0.199446,16
devyatkino,суббота,23,3,0.223826,16
grazhdansky_prospekt,воскресенье,0,0,0.427663,17
grazhdansky_prospekt,воскресенье,0,1,0.36089,17
grazhdansky_prospekt,воскресенье,0,2,0.163752,17
grazhdansky_prospekt,воскресенье,0,3,0.047695,17
grazhdansky_prospekt,воскресенье,5,0,0.003199,17
grazhdansky_prospekt,воскресенье,5,1,0.028259,17
grazhdansky_prospekt,воскресенье,5,2,0.36257,17
grazhdansky_prospekt,воскресенье,5,3,0.605972,17
grazhdansky_prospekt,воскресенье,6,0,0.208265,17
grazhdansky_prospekt,воскресенье,6,1,0.259574,17
grazhdansky_prospekt,воскресенье,6,2,0.23036,17
grazhdansky_prospekt,воскресенье,6,3,0.3018,17
grazhdansky_prospekt,воскресенье,7,0,0.251824,17
grazhdansky_prospekt,воскресенье,7,1,0.23985,17
grazhdansky_prospekt,воскресенье,7,2,0.238541,17
grazhdansky_prospekt,воскресенье,7,3,0.269785,17
grazhdansky_prospekt,воскресенье,8,0,0.233507,17
grazhdansky_prospekt,воскресенье,8,1,0.238721,17
grazhdansky_prospekt,воскресенье,8,2,0.246742,17
grazhdansky_prospekt,воскресенье,8,3,0.281031,17
grazhdansky_prospekt,воскресенье,9,0,0.271551,17
grazhdansky_prospekt,воскресенье,9,1,0.256279,17
grazhdansky_prospekt,воскресенье,9,2,0.232182,17
grazhdansky_prospekt,воскресенье,9,3,0.239988,17
grazhdansky_prospekt,воскресенье,10,0,0.255521,17
grazhdansky_prospekt,воскресенье,10,1,0.261984,17
grazhdansky_prospekt,воскресенье,10,2,0.233222,17
grazhdansky_prospekt,воскресенье,10,3,0.249272,17
grazhdansky_prospekt,воскресенье,11,0,0.245919,17
grazhdansky_prospekt,воскресенье,11,1,0.263404,17
grazhdansky_prospekt,воскресенье,11,2,0.246256,17
grazhdansky_prospekt,воскресенье,11,3,0.244421,17
grazhdansky_prospekt,воскресенье,12,0,0.252133,17
grazhdansky_prospekt,воскресенье,12,1,0.246409,17
grazhdansky_prospekt,воскресенье,12,2,0.256435,17
grazhdansky_prospekt,воскресенье,12,3,0.245023,17
grazhdansky_prospekt,воскресенье,13,0,0.249448,17
grazhdansky_prospekt,воскресенье,13,1,0.260416,17
grazhdansky_prospekt,воскресенье,13,2,0.249339,17
grazhdansky_prospekt,воскресенье,13,3,0.240796,17
grazhdansky_prospekt,воскресенье,14,0,0.260425,17
grazhdansky_prospekt,воскресенье,14,1,0.264441,17
grazhdansky_prospekt,воскресенье,14,2,0.234186,17
grazhdansky_prospekt,воскресенье,14,3,0.240948,17
grazhdansky_prospekt,воскресенье,15,0,0.264208,17
grazhdansky_prospekt,воскресенье,15,1,0.24661,17
grazhdansky_prospekt,воскресенье,15,2,0.246038,17
grazhdansky_prospekt,воскресенье,15,3,0.243143,17
grazhdansky_prospekt,воскресенье,16,0,0.244953,17
grazhdansky_prospekt,воскресенье,16,1,0.260759,17
grazhdansky_prospekt,воскресенье,16,2,0.260603,17
grazhdansky_prospekt,воскресенье,16,3,0.233685,17
grazhdansky_prospekt,воскресенье,17,0,0.243102,17
grazhdansky_prospekt,воскресенье,17,1,0.266753,17
grazhdansky_prospekt,воскресенье,17,2,0.246458,17
grazhdansky_prospekt,воскресенье,17,3,0.243687,17
grazhdansky_prospekt,воскресенье,18,0,0.260327,17
grazhdansky_prospekt,воскресенье,18,1,0.263852,17
grazhdansky_prospekt,воскресенье,18,2,0.243831,17
grazhdansky_prospekt,воскресенье,18,3,0.23199,17
grazhdansky_prospekt,воскресенье,19,0,0.271611,17
grazhdansky_prospekt,воскресенье,19,1,0.268004,17
grazhdansky_prospekt,воскресенье,19,2,0.23718,17
grazhdansky_prospekt,воскресенье,19,3,0.223205,17
grazhdansky_prospekt,воскресенье,20,0,0.260939,17
grazhdansky_prospekt,воскресенье,20,1,0.256461,17
grazhdansky_prospekt,воскресенье,20,2,0.253454,17
grazhdansky_prospekt,воскресенье,20,3,0.229145,17
grazhdansky_prospekt,воскресенье,21,0,0.286554,17
grazhdansky_prospekt,воскресенье,21,1,0.282335,17
grazhdansky_prospekt,воскресенье,21,2,0.218832,17
grazhdansky_prospekt,воскресенье,21,3,0.212279,17
grazhdansky_prospekt,воскресенье,22,0,0.287934,17
grazhdansky_prospekt,воскресенье,22,1,0.29222,17
grazhdansky_prospekt,воскресенье,22,2,0.237998,17
grazhdansky_prospekt,воскресенье,22,3,0.181847,17
grazhdansky_prospekt,воскресенье,23,0,0.298041,17
grazhdansky_prospekt,воскресенье,23,1,0.286356,17
grazhdansky_prospekt,воскресенье,23,2,0.219306,17
grazhdansky_prospekt,воскресенье,23,3,0.196297,17
grazhdansky_prospekt,рабочий,0,0,0.457388,79
grazhdansky_prospekt,рабочий,0,1,0.31729,79
grazhdansky_prospekt,рабочий,0,2,0.160638,79
grazhdansky_prospekt,рабочий,0,3,0.064684,79
grazhdansky_prospekt,рабочий,5,0,0.001026,79
grazhdansky_prospekt,рабочий,5,1,0.046325,79
grazhdansky_prospekt,рабочий,5,2,0.45854,79
grazhdansky_prospekt,рабочий,5,3,0.494109,79
grazhdansky_prospekt,рабочий,6,0,0.192945,79
grazhdansky_prospekt,рабочий,6,1,0.237926,79
grazhdansky_prospekt,рабочий,6,2,0.248309,79
grazhdansky_prospekt,рабочий,6,3,0.32082,79
grazhdansky_prospekt,рабочий,7,0,0.211091,80
grazhdansky_prospekt,рабочий,7,1,0.225065,80
grazhdansky_prospekt,рабочий,7,2,0.257097,80
grazhdansky_prospekt,рабочий,7,3,0.306747,80
grazhdansky_prospekt,рабочий,8,0,0.296327,80
grazhdansky_prospekt,рабочий,8,1,0.278142,80
grazhdansky_prospekt,рабочий,8,2,0.226747,80
grazhdansky_prospekt,рабочий,8,3,0.198784,80
grazhdansky_prospekt,рабочий,9,0,0.298354,80
grazhdansky_prospekt,рабочий,9,1,0.27596,80
grazhdansky_prospekt,рабочий,9,2,0.230062,80
grazhdansky_prospekt,рабочий,9,3,0.195624,80
grazhdansky_prospekt,рабочий,10,0,0.29079,80
grazhdansky_prospekt,рабочий,10,1,0.270867,80
grazhdansky_prospekt,рабочий,10,2,0.229573,80
grazhdansky_prospekt,рабочий,10,3,0.208769,80
grazhdansky_prospekt,рабочий,11,0,0.246607,80
grazhdansky_prospekt,рабочий,11,1,0.255678,80
grazhdansky_prospekt,рабочий,11,2,0.255989,80
grazhdansky_prospekt,рабочий,11,3,0.241726,80
grazhdansky_prospekt,рабочий,12,0,0.267124,80
grazhdansky_prospekt,рабочий,12,1,0.244213,80
grazhdansky_prospekt,рабочий,12,2,0.241331,80
grazhdansky_prospekt,рабочий,12,3,0.247332,80
grazhdansky_prospekt,рабочий,13,0,0.249331,80
grazhdansky_prospekt,рабочий,13,1,0.255276,80
grazhdansky_prospekt,рабочий,13,2,0.249897,80
grazhdansky_prospekt,рабочий,13,3,0.245495,80
grazhdansky_prospekt,рабочий,14,0,0.257975,80
grazhdansky_prospekt,рабочий,14,1,0.262147,80
grazhdansky_prospekt,рабочий,14,2,0.230994,80
grazhdansky_prospekt,рабочий,14,3,0.248884,80
grazhdansky_prospekt,рабочий,15,0,0.251001,80
grazhdansky_prospekt,рабочий,15,1,0.245873,80
grazhdansky_prospekt,рабочий,15,2,0.234935,80
grazhdansky_prospekt,рабочий,15,3,0.26819,80
grazhdansky_prospekt,рабочий,16,0,0.242585,80
grazhdansky_prospekt,рабочий,16,1,0.248574,80
grazhdansky_prospekt,рабочий,16,2,0.243637,80
grazhdansky_prospekt,рабочий,16,3,0.265204,80
grazhdansky_prospekt,рабочий,17,0,0.239183,80
grazhdansky_prospekt,рабочий,17,1,0.262766,80
grazhdansky_prospekt,рабочий,17,2,0.248889,80
grazhdansky_prospekt,рабочий,17,3,0.249162,80
grazhdansky_prospekt,рабочий,18,0,0.276081,80
grazhdansky_prospekt,рабочий,18,1,0.269432,80
grazhdansky_prospekt,рабочий,18,2,0.240446,80
grazhdansky_prospekt,рабочий,18,3,0.21404,80
grazhdansky_prospekt,рабочий,19,0,0.290677,80
grazhdansky_prospekt,рабочий,19,1,0.264698,80
grazhdansky_prospekt,рабочий,19,2,0.23114,80
grazhdansky_prospekt,рабочий,19,3,0.213486,80
grazhdansky_prospekt,рабочий,20,0,0.27374,80
grazhdansky_prospekt,рабочий,20,1,0.27117,80
grazhdansky_prospekt,рабочий,20,2,0.236819,80
grazhdansky_prospekt,рабочий,20,3,0.218271,80
grazhdansky_prospekt,рабочий,21,0,0.286422,80
grazhdansky_prospekt,рабочий,21,1,0.283607,80
grazhdansky_prospekt,рабочий,21,2,0.225954,80
grazhdansky_prospekt,рабочий,21,3,0.204017,80
grazhdansky_prospekt,рабочий,22,0,0.28934,80
grazhdansky_prospekt,рабочий,22,1,0.294653,80
grazhdansky_prospekt,рабочий,22,2,0.235407,80
grazhdansky_prospekt,рабочий,22,3,0.1806,80
grazhdansky_prospekt,рабочий,23,0,0.293756,80
grazhdansky_prospekt,рабочий,23,1,0.275249,80
grazhdansky_prospekt,рабочий,23,2,0.223321,80
grazhdansky_prospekt,рабочий,23,3,0.207673,80
grazhdansky_prospekt,суббота,0,0,0.450742,15
grazhdansky_prospekt,суббота,0,1,0.330634,15
grazhdansky_prospekt,суббота,0,2,0.160594,15
grazhdansky_prospekt,суббота,0,3,0.05803,15
grazhdansky_prospekt,суббота,5,0,0.002017,16
grazhdansky_prospekt,суббота,5,1,0.029336,16
grazhdansky_prospekt,суббота,5,2,0.368537,16
grazhdansky_prospekt,суббота,5,3,0.60011,16
grazhdansky_prospekt,суббота,6,0,0.209956,16
grazhdansky_prospekt,суббота,6,1,0.254652,16
grazhdansky_prospekt,суббота,6,2,0.232753,16
grazhdansky_prospekt,суббота,6,3,0.302639,16
grazhdansky_prospekt,суббота,7,0,0.241404,16
grazhdansky_prospekt,суббота,7,1,0.236626,16
grazhdansky_prospekt,суббота,7,2,0.238165,16
grazhdansky_prospekt,суббота,7,3,0.283805,16
grazhdansky_prospekt,суббота,8,0,0.261368,16
grazhdansky_prospekt,суббота,8,1,0.256125,16
grazhdansky_prospekt,суббота,8,2,0.232148,16
grazhdansky_prospekt,суббота,8,3,0.250358,16
grazhdansky_prospekt,суббота,9,0,0.261342,16
grazhdansky_prospekt,суббота,9,1,0.261174,16
grazhdansky_prospekt,суббота,9,2,0.234899,16
grazhdansky_prospekt,суббота,9,3,0.242584,16
grazhdansky_prospekt,суббота,10,0,0.264173,16
grazhdansky_prospekt,суббота,10,1,0.258661,16
grazhdansky_prospekt,суббота,10,2,0.2356,16
grazhdansky_prospekt,суббота,10,3,0.241566,16
grazhdansky_prospekt,суббота,11,0,0.24362,16
grazhdansky_prospekt,суббота,11,1,0.256021,16
grazhdansky_prospekt,суббота,11,2,0.249462,16
grazhdansky_prospekt,суббота,11,3,0.250897,16
grazhdansky_prospekt,суббота,12,0,0.252405,16
grazhdansky_prospekt,суббота,12,1,0.246112,16
grazhdansky_prospekt,суббота,12,2,0.24799,16
grazhdansky_prospekt,суббота,12,3,0.253492,16
grazhdansky_prospekt,суббота,13,0,0.23971,16
grazhdansky_prospekt,суббота,13,1,0.262772,16
grazhdansky_prospekt,суббота,13,2,0.250216,16
grazhdansky_prospekt,суббота,13,3,0.247301,16
grazhdansky_prospekt,суббота,14,0,0.255707,16
grazhdansky_prospekt,суббота,14,1,0.26223,16
grazhdansky_prospekt,суббота,14,2,0.237754,16
grazhdansky_prospekt,суббота,14,3,0.244309,16
grazhdansky_prospekt,суббота,15,0,0.26493,16
grazhdansky_prospekt,суббота,15,1,0.249975,16
grazhdansky_prospekt,суббота,15,2,0.236152,16
grazhdansky_prospekt,суббота,15,3,0.248942,16
grazhdansky_prospekt,суббота,16,0,0.25034,16
grazhdansky_prospekt,суббота,16,1,0.264934,16
grazhdansky_prospekt,суббота,16,2,0.250723,16
grazhdansky_prospekt,суббота,16,3,0.234003,16
grazhdansky_prospekt,суббота,17,0,0.246372,16
grazhdansky_prospekt,суббота,17,1,0.272849,16
grazhdansky_prospekt,суббота,17,2,0.239461,16
grazhdansky_prospekt,суббота,17,3,0.241318,16
grazhdansky_prospekt,суббота,18,0,0.272624,16
grazhdansky_prospekt,суббота,18,1,0.260068,16
grazhdansky_prospekt,суббота,18,2,0.23451,16
grazhdansky_prospekt,суббота,18,3,0.232798,16
grazhdansky_prospekt,суббота,19,0,0.276355,16
grazhdansky_prospekt,суббота,19,1,0.262371,16
grazhdansky_prospekt,суббота,19,2,0.238221,16
grazhdansky_prospekt,суббота,19,3,0.223053,16
grazhdansky_prospekt,суббота,20,0,0.246044,16
grazhdansky_prospekt,суббота,20,1,0.274413,16
grazhdansky_prospekt,суббота,20,2,0.250989,16
grazhdansky_prospekt,суббота,20,3,0.228554,16
grazhdansky_prospekt,суббота,21,0,0.286633,16
grazhdansky_prospekt,суббота,21,1,0.269067,16
grazhdansky_prospekt,суббота,21,2,0.229379,16
grazhdansky_prospekt,суббота,21,3,0.214921,16
grazhdansky_prospekt,суббота,22,0,0.284877,16
grazhdansky_prospekt,суббота,22,1,0.285989,16
grazhdansky_prospekt,суббота,22,2,0.236757,16
grazhdansky_prospekt,суббота,22,3,0.192378,16
grazhdansky_prospekt,суббота,23,0,0.271145,16
grazhdansky_prospekt,суббота,23,1,0.269912,16
grazhdansky_prospekt,суббота,23,2,0.220305,16
grazhdansky_prospekt,суббота,23,3,0.238638,16
kirovsky_zavod,воскресенье,0,0,0.488665,17
kirovsky_zavod,воскресенье,0,1,0.274559,17
kirovsky_zavod,воскресенье,0,2,0.130982,17
kirovsky_zavod,воскресенье,0,3,0.105793,17
kirovsky_zavod,воскресенье,5,0,0.028129,17
kirovsky_zavod,воскресенье,5,1,0.060478,17
kirovsky_zavod,воскресенье,5,2,0.544304,17
kirovsky_zavod,воскресенье,5,3,0.367089,17
kirovsky_zavod,воскресенье,6,0,0.163594,17
kirovsky_zavod,воскресенье,6,1,0.266417,17
kirovsky_zavod,воскресенье,6,2,0.255184,17
kirovsky_zavod,воскресенье,6,3,0.314804,17
kirovsky_zavod,воскресенье,7,0,0.231723,17
kirovsky_zavod,воскресенье,7,1,0.236752,17
kirovsky_zavod,воскресенье,7,2,0.238908,17
kirovsky_zavod,воскресенье,7,3,0.292617,17
kirovsky_zavod,воскресенье,8,0,0.287317,17
kirovsky_zavod,воскресенье,8,1,0.274608,17
kirovsky_zavod,воскресенье,8,2,0.231206,17
kirovsky_zavod,воскресенье,8,3,0.206869,17
kirovsky_zavod,воскресенье,9,0,0.265067,17
kirovsky_zavod,воскресенье,9,1,0.263274,17
kirovsky_zavod,воскресенье,9,2,0.251552,17
kirovsky_zavod,воскресенье,9,3,0.220108,17
kirovsky_zavod,воскресенье,10,0,0.242067,17
kirovsky_zavod,воскресенье,10,1,0.277547,17
kirovsky_zavod,воскресенье,10,2,0.257732,17
kirovsky_zavod,воскресенье,10,3,0.222654,17
kirovsky_zavod,воскресенье,11,0,0.240889,17
kirovsky_zavod,воскресенье,11,1,0.258139,17
kirovsky_zavod,воскресенье,11,2,0.262755,17
kirovsky_zavod,воскресенье,11,3,0.238217,17
kirovsky_zavod,воскресенье,12,0,0.267979,17
kirovsky_zavod,воскресенье,12,1,0.2368,17
kirovsky_zavod,воскресенье,12,2,0.25421,17
kirovsky_zavod,воскресенье,12,3,0.24101,17
kirovsky_zavod,воскресенье,13,0,0.249818,17
kirovsky_zavod,воскресенье,13,1,0.255739,17
kirovsky_zavod,воскресенье,13,2,0.26166,17
kirovsky_zavod,воскресенье,13,3,0.232783,17
kirovsky_zavod,воскресенье,14,0,0.239614,17
kirovsky_zavod,воскресенье,14,1,0.269443,17
kirovsky_zavod,воскресенье,14,2,0.258122,17
kirovsky_zavod,воскресенье,14,3,0.232821,17
kirovsky_zavod,воскресенье,15,0,0.257432,17
kirovsky_zavod,воскресенье,15,1,0.249071,17
kirovsky_zavod,воскресенье,15,2,0.25353,17
kirovsky_zavod,воскресенье,15,3,0.239967,17
kirovsky_zavod,воскресенье,16,0,0.2542,17
kirovsky_zavod,воскресенье,16,1,0.276507,17
kirovsky_zavod,воскресенье,16,2,0.229236,17
kirovsky_zavod,воскресенье,16,3,0.240057,17
kirovsky_zavod,воскресенье,17,0,0.253819,17
kirovsky_zavod,воскресенье,17,1,0.257402,17
kirovsky_zavod,воскресенье,17,2,0.250869,17
kirovsky_zavod,воскресенье,17,3,0.23791,17
kirovsky_zavod,воскресенье,18,0,0.26845,17
kirovsky_zavod,воскресенье,18,1,0.255667,17
kirovsky_zavod,воскресенье,18,2,0.236975,17
kirovsky_zavod,воскресенье,18,3,0.238909,17
kirovsky_zavod,воскресенье,19,0,0.249947,17
kirovsky_zavod,воскресенье,19,1,0.277208,17
kirovsky_zavod,воскресенье,19,2,0.242142,17
kirovsky_zavod,воскресенье,19,3,0.230703,17
kirovsky_zavod,воскресенье,20,0,0.291506,17
kirovsky_zavod,воскресенье,20,1,0.320849,17
kirovsky_zavod,воскресенье,20,2,0.231564,17
kirovsky_zavod,воскресенье,20,3,0.156081,17
kirovsky_zavod,воскресенье,21,0,0.315894,17
kirovsky_zavod,воскресенье,21,1,0.29922,17
kirovsky_zavod,воскресенье,21,2,0.198103,17
kirovsky_zavod,воскресенье,21,3,0.186783,17
kirovsky_zavod,воскресенье,22,0,0.340412,17
kirovsky_zavod,воскресенье,22,1,0.248606,17
kirovsky_zavod,воскресенье,22,2,0.228872,17
kirovsky_zavod,воскресенье,22,3,0.182111,17
kirovsky_zavod,воскресенье,23,0,0.316748,17
kirovsky_zavod,воскресенье,23,1,0.237228,17
kirovsky_zavod,воскресенье,23,2,0.187916,17
kirovsky_zavod,воскресенье,23,3,0.258108,17
kirovsky_zavod,рабочий,0,0,0.48708,80
kirovsky_zavod,рабочий,0,1,0.28531,80
kirovsky_zavod,рабочий,0,2,0.152566,80
kirovsky_zavod,рабочий,0,3,0.075044,80
kirovsky_zavod,рабочий,5,0,0.009365,80
kirovsky_zavod,рабочий,5,1,0.074488,80
kirovsky_zavod,рабочий,5,2,0.519164,80
kirovsky_zavod,рабочий,5,3,0.396982,80
kirovsky_zavod,рабочий,6,0,0.162322,80
kirovsky_zavod,рабочий,6,1,0.224219,80
kirovsky_zavod,рабочий,6,2,0.268766,80
kirovsky_zavod,рабочий,6,3,0.344693,80
kirovsky_zavod,рабочий,7,0,0.234247,80
kirovsky_zavod,рабочий,7,1,0.230626,80
kirovsky_zavod,рабочий,7,2,0.240378,80
kirovsky_zavod,рабочий,7,3,0.294749,80
kirovsky_zavod,рабочий,8,0,0.276012,80
kirovsky_zavod,рабочий,8,1,0.290047,80
kirovsky_zavod,рабочий,8,2,0.242707,80
kirovsky_zavod,рабочий,8,3,0.191234,80
kirovsky_zavod,рабочий,9,0,0.28868,80
kirovsky_zavod,рабочий,9,1,0.278739,80
kirovsky_zavod,рабочий,9,2,0.237522,80
kirovsky_zavod,рабочий,9,3,0.195059,80
kirovsky_zavod,рабочий,10,0,0.257978,80
kirovsky_zavod,рабочий,10,1,0.268543,80
kirovsky_zavod,рабочий,10,2,0.248071,80
kirovsky_zavod,рабочий,10,3,0.225408,80
kirovsky_zavod,рабочий,11,0,0.247681,80
kirovsky_zavod,рабочий,11,1,0.260713,80
kirovsky_zavod,рабочий,11,2,0.248833,80
kirovsky_zavod,рабочий,11,3,0.242773,80
kirovsky_zavod,рабочий,12,0,0.239994,80
kirovsky_zavod,рабочий,12,1,0.261882,80
kirovsky_zavod,рабочий,12,2,0.251693,80
kirovsky_zavod,рабочий,12,3,0.246431,80
kirovsky_zavod,рабочий,13,0,0.254587,80
kirovsky_zavod,рабочий,13,1,0.254207,80
kirovsky_zavod,рабочий,13,2,0.244991,80
kirovsky_zavod,рабочий,13,3,0.246215,80
kirovsky_zavod,рабочий,14,0,0.230762,80
kirovsky_zavod,рабочий,14,1,0.277048,80
kirovsky_zavod,рабочий,14,2,0.236352,80
kirovsky_zavod,рабочий,14,3,0.255838,80
kirovsky_zavod,рабочий,15,0,0.211519,80
kirovsky_zavod,рабочий,15,1,0.211545,80
kirovsky_zavod,рабочий,15,2,0.243026,80
kirovsky_zavod,рабочий,15,3,0.333911,80
kirovsky_zavod,рабочий,16,0,0.241362,80
kirovsky_zavod,рабочий,16,1,0.229635,80
kirovsky_zavod,рабочий,16,2,0.233394,80
kirovsky_zavod,рабочий,16,3,0.29561,80
kirovsky_zavod,рабочий,17,0,0.302674,80
kirovsky_zavod,рабочий,17,1,0.30662,80
kirovsky_zavod,рабочий,17,2,0.210052,80
kirovsky_zavod,рабочий,17,3,0.180654,80
kirovsky_zavod,рабочий,18,0,0.337355,80
kirovsky_zavod,рабочий,18,1,0.296411,80
kirovsky_zavod,рабочий,18,2,0.20147,80
kirovsky_zavod,рабочий,18,3,0.164764,80
kirovsky_zavod,рабочий,19,0,0.285882,80
kirovsky_zavod,рабочий,19,1,0.282301,80
kirovsky_zavod,рабочий,19,2,0.234563,80
kirovsky_zavod,рабочий,19,3,0.197254,80
kirovsky_zavod,рабочий,20,0,0.317596,80
kirovsky_zavod,рабочий,20,1,0.305316,80
kirovsky_zavod,рабочий,20,2,0.20528,80
kirovsky_zavod,рабочий,20,3,0.171808,80
kirovsky_zavod,рабочий,21,0,0.306611,80
kirovsky_zavod,рабочий,21,1,0.278471,80
kirovsky_zavod,рабочий,21,2,0.209135,80
kirovsky_zavod,рабочий,21,3,0.205783,80
kirovsky_zavod,рабочий,22,0,0.31805,80
kirovsky_zavod,рабочий,22,1,0.292336,80
kirovsky_zavod,рабочий,22,2,0.212636,80
kirovsky_zavod,рабочий,22,3,0.176978,80
kirovsky_zavod,рабочий,23,0,0.342367,80
kirovsky_zavod,рабочий,23,1,0.279131,80
kirovsky_zavod,рабочий,23,2,0.178045,80
kirovsky_zavod,рабочий,23,3,0.200457,80
kirovsky_zavod,суббота,0,0,0.623832,16
kirovsky_zavod,суббота,0,1,0.165888,16
kirovsky_zavod,суббота,0,2,0.14486,16
kirovsky_zavod,суббота,0,3,0.065421,16
kirovsky_zavod,суббота,5,0,0.020636,16
kirovsky_zavod,суббота,5,1,0.075666,16
kirovsky_zavod,суббота,5,2,0.527945,16
kirovsky_zavod,суббота,5,3,0.375752,16
kirovsky_zavod,суббота,6,0,0.172345,16
kirovsky_zavod,суббота,6,1,0.255088,16
kirovsky_zavod,суббота,6,2,0.276106,16
kirovsky_zavod,суббота,6,3,0.29646,16
kirovsky_zavod,суббота,7,0,0.236558,16
kirovsky_zavod,суббота,7,1,0.234801,16
kirovsky_zavod,суббота,7,2,0.233991,16
kirovsky_zavod,суббота,7,3,0.29465,16
kirovsky_zavod,суббота,8,0,0.28413,16
kirovsky_zavod,суббота,8,1,0.279858,16
kirovsky_zavod,суббота,8,2,0.230824,16
kirovsky_zavod,суббота,8,3,0.205188,16
kirovsky_zavod,суббота,9,0,0.259217,16
kirovsky_zavod,суббота,9,1,0.281543,16
kirovsky_zavod,суббота,9,2,0.241012,16
kirovsky_zavod,суббота,9,3,0.218228,16
kirovsky_zavod,суббота,10,0,0.227235,16
kirovsky_zavod,суббота,10,1,0.263799,16
kirovsky_zavod,суббота,10,2,0.263565,16
kirovsky_zavod,суббота,10,3,0.2454,16
kirovsky_zavod,суббота,11,0,0.243739,16
kirovsky_zavod,суббота,11,1,0.256847,16
kirovsky_zavod,суббота,11,2,0.257807,16
kirovsky_zavod,суббота,11,3,0.241607,16
kirovsky_zavod,суббота,12,0,0.25928,16
kirovsky_zavod,суббота,12,1,0.240163,16
kirovsky_zavod,суббота,12,2,0.249072,16
kirovsky_zavod,суббота,12,3,0.251485,16
kirovsky_zavod,суббота,13,0,0.237796,16
kirovsky_zavod,суббота,13,1,0.251366,16
kirovsky_zavod,суббота,13,2,0.250364,16
kirovsky_zavod,суббота,13,3,0.260474,16
kirovsky_zavod,суббота,14,0,0.247165,16
kirovsky_zavod,суббота,14,1,0.264426,16
kirovsky_zavod,суббота,14,2,0.252001,16
kirovsky_zavod,суббота,14,3,0.236408,16
kirovsky_zavod,суббота,15,0,0.255108,16
kirovsky_zavod,суббота,15,1,0.245425,16
kirovsky_zavod,суббота,15,2,0.261665,16
kirovsky_zavod,суббота,15,3,0.237801,16
kirovsky_zavod,суббота,16,0,0.256338,16
kirovsky_zavod,суббота,16,1,0.252246,16
kirovsky_zavod,суббота,16,2,0.239891,16
kirovsky_zavod,суббота,16,3,0.251524,16
kirovsky_zavod,суббота,17,0,0.272922,16
kirovsky_zavod,суббота,17,1,0.269918,16
kirovsky_zavod,суббота,17,2,0.234461,16
kirovsky_zavod,суббота,17,3,0.222699,16
kirovsky_zavod,суббота,18,0,0.275782,16
kirovsky_zavod,суббота,18,1,0.243154,16
kirovsky_zavod,суббота,18,2,0.240726,16
kirovsky_zavod,суббота,18,3,0.240338,16
kirovsky_zavod,суббота,19,0,0.254894,16
kirovsky_zavod,суббота,19,1,0.274868,16
kirovsky_zavod,суббота,19,2,0.24923,16
kirovsky_zavod,суббота,19,3,0.221008,16
kirovsky_zavod,суббота,20,0,0.299073,16
kirovsky_zavod,суббота,20,1,0.282828,16
kirovsky_zavod,суббота,20,2,0.207643,16
kirovsky_zavod,суббота,20,3,0.210455,16
kirovsky_zavod,суббота,21,0,0.265811,16
kirovsky_zavod,суббота,21,1,0.312012,16
kirovsky_zavod,суббота,21,2,0.24865,16
kirovsky_zavod,суббота,21,3,0.173527,16
kirovsky_zavod,суббота,22,0,0.352326,16
kirovsky_zavod,суббота,22,1,0.254057,16
kirovsky_zavod,суббота,22,2,0.225929,16
kirovsky_zavod,суббота,22,3,0.167688,16
kirovsky_zavod,суббота,23,0,0.29706,16
kirovsky_zavod,суббота,23,1,0.256506,16
kirovsky_zavod,суббота,23,2,0.225076,16
kirovsky_zavod,суббота,23,3,0.221359,16
leninsky_prospekt,воскресенье,0,0,0.55291,17
leninsky_prospekt,воскресенье,0,1,0.113757,17
leninsky_prospekt,воскресенье,0,2,0.145503,17
leninsky_prospekt,воскресенье,0,3,0.187831,17
leninsky_prospekt,воскресенье,5,0,0.027205,17
leninsky_prospekt,воскресенье,5,1,0.016417,17
leninsky_prospekt,воскресенье,5,2,0.426829,17
leninsky_prospekt,воскресенье,5,3,0.52955,17
leninsky_prospekt,воскресенье,6,0,0.189778,17
leninsky_prospekt,воскресенье,6,1,0.229042,17
leninsky_prospekt,воскресенье,6,2,0.29279,17
leninsky_prospekt,воскресенье,6,3,0.28839,17
leninsky_prospekt,воскресенье,7,0,0.254641,17
leninsky_prospekt,воскресенье,7,1,0.232395,17
leninsky_prospekt,воскресенье,7,2,0.230701,17
leninsky_prospekt,воскресенье,7,3,0.282263,17
leninsky_prospekt,воскресенье,8,0,0.255945,17
leninsky_prospekt,воскресенье,8,1,0.238537,17
leninsky_prospekt,воскресенье,8,2,0.252133,17
leninsky_prospekt,воскресенье,8,3,0.253385,17
leninsky_prospekt,воскресенье,9,0,0.257653,17
leninsky_prospekt,воскресенье,9,1,0.269671,17
leninsky_prospekt,воскресенье,9,2,0.243512,17
leninsky_prospekt,воскресенье,9,3,0.229163,17
leninsky_prospekt,воскресенье,10,0,0.242009,17
leninsky_prospekt,воскресенье,10,1,0.26314,17
leninsky_prospekt,воскресенье,10,2,0.243912,17
leninsky_prospekt,воскресенье,10,3,0.250939,17
leninsky_prospekt,воскресенье,11,0,0.230906,17
leninsky_prospekt,воскресенье,11,1,0.274163,17
leninsky_prospekt,воскресенье,11,2,0.252441,17
leninsky_prospekt,воскресенье,11,3,0.242491,17
leninsky_prospekt,воскресенье,12,0,0.247207,17
leninsky_prospekt,воскресенье,12,1,0.260843,17
leninsky_prospekt,воскресенье,12,2,0.2575,17
leninsky_prospekt,воскресенье,12,3,0.234451,17
leninsky_prospekt,воскресенье,13,0,0.241824,17
leninsky_prospekt,воскресенье,13,1,0.258518,17
leninsky_prospekt,воскресенье,13,2,0.255913,17
leninsky_prospekt,воскресенье,13,3,0.243745,17
leninsky_prospekt,воскресенье,14,0,0.253051,17
leninsky_prospekt,воскресенье,14,1,0.27002,17
leninsky_prospekt,воскресенье,14,2,0.243035,17
leninsky_prospekt,воскресенье,14,3,0.233895,17
leninsky_prospekt,воскресенье,15,0,0.265257,17
leninsky_prospekt,воскресенье,15,1,0.253566,17
leninsky_prospekt,воскресенье,15,2,0.241126,17
leninsky_prospekt,воскресенье,15,3,0.240051,17
leninsky_prospekt,воскресенье,16,0,0.250285,17
leninsky_prospekt,воскресенье,16,1,0.257477,17
leninsky_prospekt,воскресенье,16,2,0.256436,17
leninsky_prospekt,воскресенье,16,3,0.235802,17
leninsky_prospekt,воскресенье,17,0,0.259061,17
leninsky_prospekt,воскресенье,17,1,0.250968,17
leninsky_prospekt,воскресенье,17,2,0.244861,17
leninsky_prospekt,воскресенье,17,3,0.24511,17
leninsky_prospekt,воскресенье,18,0,0.27686,17
leninsky_prospekt,воскресенье,18,1,0.254516,17
leninsky_prospekt,воскресенье,18,2,0.235959,17
leninsky_prospekt,воскресенье,18,3,0.232665,17
leninsky_prospekt,воскресенье,19,0,0.26941,17
leninsky_prospekt,воскресенье,19,1,0.273066,17
leninsky_prospekt,воскресенье,19,2,0.242063,17
leninsky_prospekt,воскресенье,19,3,0.215461,17
leninsky_prospekt,воскресенье,20,0,0.294054,17
leninsky_prospekt,воскресенье,20,1,0.267223,17
leninsky_prospekt,воскресенье,20,2,0.228408,17
leninsky_prospekt,воскресенье,20,3,0.210315,17
leninsky_prospekt,воскресенье,21,0,0.307382,17
leninsky_prospekt,воскресенье,21,1,0.254561,17
leninsky_prospekt,воскресенье,21,2,0.234302,17
leninsky_prospekt,воскресенье,21,3,0.203755,17
leninsky_prospekt,воскресенье,22,0,0.319738,17
leninsky_prospekt,воскресенье,22,1,0.280158,17
leninsky_prospekt,воскресенье,22,2,0.228704,17
leninsky_prospekt,воскресенье,22,3,0.171399,17
leninsky_prospekt,воскресенье,23,0,0.298469,17
leninsky_prospekt,воскресенье,23,1,0.2928,17
leninsky_prospekt,воскресенье,23,2,0.210317,17
leninsky_prospekt,воскресенье,23,3,0.198413,17
leninsky_prospekt,рабочий,0,0,0.511954,80
leninsky_prospekt,рабочий,0,1,0.180873,80
leninsky_prospekt,рабочий,0,2,0.122661,80
leninsky_prospekt,рабочий,0,3,0.184511,80
leninsky_prospekt,рабочий,5,0,0.007135,80
leninsky_prospekt,рабочий,5,1,0.004164,80
leninsky_prospekt,рабочий,5,2,0.434996,80
leninsky_prospekt,рабочий,5,3,0.553705,80
leninsky_prospekt,рабочий,6,0,0.164596,80
leninsky_prospekt,рабочий,6,1,0.23434,80
leninsky_prospekt,рабочий,6,2,0.265329,80
leninsky_prospekt,рабочий,6,3,0.335735,80
leninsky_prospekt,рабочий,7,0,0.211158,80
leninsky_prospekt,рабочий,7,1,0.218685,80
leninsky_prospekt,рабочий,7,2,0.257765,80
leninsky_prospekt,рабочий,7,3,0.312392,80
leninsky_prospekt,рабочий,8,0,0.279994,80
leninsky_prospekt,рабочий,8,1,0.289296,80
leninsky_prospekt,рабочий,8,2,0.237988,80
leninsky_prospekt,рабочий,8,3,0.192722,80
leninsky_prospekt,рабочий,9,0,0.30482,80
leninsky_prospekt,рабочий,9,1,0.2795,80
leninsky_prospekt,рабочий,9,2,0.226912,80
leninsky_prospekt,рабочий,9,3,0.188768,80
leninsky_prospekt,рабочий,10,0,0.283216,80
leninsky_prospekt,рабочий,10,1,0.267462,80
leninsky_prospekt,рабочий,10,2,0.233131,80
leninsky_prospekt,рабочий,10,3,0.216191,80
leninsky_prospekt,рабочий,11,0,0.262124,80
leninsky_prospekt,рабочий,11,1,0.263527,80
leninsky_prospekt,рабочий,11,2,0.239769,80
leninsky_prospekt,рабочий,11,3,0.23458,80
leninsky_prospekt,рабочий,12,0,0.264871,80
leninsky_prospekt,рабочий,12,1,0.251889,80
leninsky_prospekt,рабочий,12,2,0.246606,80
leninsky_prospekt,рабочий,12,3,0.236634,80
leninsky_prospekt,рабочий,13,0,0.249524,80
leninsky_prospekt,рабочий,13,1,0.258245,80
leninsky_prospekt,рабочий,13,2,0.256601,80
leninsky_prospekt,рабочий,13,3,0.235629,80
leninsky_prospekt,рабочий,14,0,0.254862,80
leninsky_prospekt,рабочий,14,1,0.265964,80
leninsky_prospekt,рабочий,14,2,0.242209,80
leninsky_prospekt,рабочий,14,3,0.236965,80
leninsky_prospekt,рабочий,15,0,0.247458,80
leninsky_prospekt,рабочий,15,1,0.240609,80
leninsky_prospekt,рабочий,15,2,0.247942,80
leninsky_prospekt,рабочий,15,3,0.26399,80
leninsky_prospekt,рабочий,16,0,0.257138,80
leninsky_prospekt,рабочий,16,1,0.253732,80
leninsky_prospekt,рабочий,16,2,0.24822,80
leninsky_prospekt,рабочий,16,3,0.24091,80
leninsky_prospekt,рабочий,17,0,0.252359,80
leninsky_prospekt,рабочий,17,1,0.275159,80
leninsky_prospekt,рабочий,17,2,0.241855,80
leninsky_prospekt,рабочий,17,3,0.230627,80
leninsky_prospekt,рабочий,18,0,0.2926,80
leninsky_prospekt,рабочий,18,1,0.295397,80
leninsky_prospekt,рабочий,18,2,0.220096,80
leninsky_prospekt,рабочий,18,3,0.191908,80
leninsky_prospekt,рабочий,19,0,0.299787,80
leninsky_prospekt,рабочий,19,1,0.266247,80
leninsky_prospekt,рабочий,19,2,0.230877,80
leninsky_prospekt,рабочий,19,3,0.203089,80
leninsky_prospekt,рабочий,20,0,0.302322,80
leninsky_prospekt,рабочий,20,1,0.275438,80
leninsky_prospekt,рабочий,20,2,0.224755,80
leninsky_prospekt,рабочий,20,3,0.197485,80
leninsky_prospekt,рабочий,21,0,0.315761,80
leninsky_prospekt,рабочий,21,1,0.257538,80
leninsky_prospekt,рабочий,21,2,0.221998,80
leninsky_prospekt,рабочий,21,3,0.204703,80
leninsky_prospekt,рабочий,22,0,0.317913,80
leninsky_prospekt,рабочий,22,1,0.28067,80
leninsky_prospekt,рабочий,22,2,0.226371,80
leninsky_prospekt,рабочий,22,3,0.175047,80
leninsky_prospekt,рабочий,23,0,0.309791,80
leninsky_prospekt,рабочий,23,1,0.258312,80
leninsky_prospekt,рабочий,23,2,0.223171,80
leninsky_prospekt,рабочий,23,3,0.208725,80
leninsky_prospekt,суббота,0,0,0.692958,16
leninsky_prospekt,суббота,0,1,0.073239,16
leninsky_prospekt,суббота,0,2,0.061972,16
leninsky_prospekt,суббота,0,3,0.171831,16
leninsky_prospekt,суббота,5,0,0.01407,16
leninsky_prospekt,суббота,5,1,0.017845,16
leninsky_prospekt,суббота,5,2,0.434111,16
leninsky_prospekt,суббота,5,3,0.533974,16
leninsky_prospekt,суббота,6,0,0.176591,16
leninsky_prospekt,суббота,6,1,0.238435,16
leninsky_prospekt,суббота,6,2,0.277477,16
leninsky_prospekt,суббота,6,3,0.307497,16
leninsky_prospekt,суббота,7,0,0.234117,16
leninsky_prospekt,суббота,7,1,0.227031,16
leninsky_prospekt,суббота,7,2,0.241204,16
leninsky_prospekt,суббота,7,3,0.297648,16
leninsky_prospekt,суббота,8,0,0.258052,16
leninsky_prospekt,суббота,8,1,0.266677,16
leninsky_prospekt,суббота,8,2,0.244797,16
leninsky_prospekt,суббота,8,3,0.230474,16
leninsky_prospekt,суббота,9,0,0.27441,16
leninsky_prospekt,суббота,9,1,0.27147,16
leninsky_prospekt,суббота,9,2,0.24265,16
leninsky_prospekt,суббота,9,3,0.21147,16
leninsky_prospekt,суббота,10,0,0.248336,16
leninsky_prospekt,суббота,10,1,0.262833,16
leninsky_prospekt,суббота,10,2,0.243068,16
leninsky_prospekt,суббота,10,3,0.245763,16
leninsky_prospekt,суббота,11,0,0.246996,16
leninsky_prospekt,суббота,11,1,0.260764,16
leninsky_prospekt,суббота,11,2,0.247205,16
leninsky_prospekt,суббота,11,3,0.245035,16
leninsky_prospekt,суббота,12,0,0.246575,16
leninsky_prospekt,суббота,12,1,0.25601,16
leninsky_prospekt,суббота,12,2,0.248549,16
leninsky_prospekt,суббота,12,3,0.248865,16
leninsky_prospekt,суббота,13,0,0.247474,16
leninsky_prospekt,суббота,13,1,0.251302,16
leninsky_prospekt,суббота,13,2,0.263102,16
leninsky_prospekt,суббота,13,3,0.238122,16
leninsky_prospekt,суббота,14,0,0.251761,16
leninsky_prospekt,суббота,14,1,0.267825,16
leninsky_prospekt,суббота,14,2,0.242007,16
leninsky_prospekt,суббота,14,3,0.238407,16
leninsky_prospekt,суббота,15,0,0.251857,16
leninsky_prospekt,суббота,15,1,0.259165,16
leninsky_prospekt,суббота,15,2,0.246864,16
leninsky_prospekt,суббота,15,3,0.242114,16
leninsky_prospekt,суббота,16,0,0.253668,16
leninsky_prospekt,суббота,16,1,0.258673,16
leninsky_prospekt,суббота,16,2,0.249051,16
leninsky_prospekt,суббота,16,3,0.238609,16
leninsky_prospekt,суббота,17,0,0.263466,16
leninsky_prospekt,суббота,17,1,0.259125,16
leninsky_prospekt,суббота,17,2,0.235737,16
leninsky_prospekt,суббота,17,3,0.241673,16
leninsky_prospekt,суббота,18,0,0.278285,16
leninsky_prospekt,суббота,18,1,0.253511,16
leninsky_prospekt,суббота,18,2,0.240371,16
leninsky_prospekt,суббота,18,3,0.227834,16
leninsky_prospekt,суббота,19,0,0.268454,16
leninsky_prospekt,суббота,19,1,0.25293,16
leninsky_prospekt,суббота,19,2,0.253053,16
leninsky_prospekt,суббота,19,3,0.225563,16
leninsky_prospekt,суббота,20,0,0.302714,16
leninsky_prospekt,суббота,20,1,0.26223,16
leninsky_prospekt,суббота,20,2,0.230869,16
leninsky_prospekt,суббота,20,3,0.204186,16
leninsky_prospekt,суббота,21,0,0.304742,16
leninsky_prospekt,суббота,21,1,0.24031,16
leninsky_prospekt,суббота,21,2,0.235578,16
leninsky_prospekt,суббота,21,3,0.21937,16
leninsky_prospekt,суббота,22,0,0.318786,16
leninsky_prospekt,суббота,22,1,0.271559,16
leninsky_prospekt,суббота,22,2,0.230309,16
leninsky_prospekt,суббота,22,3,0.179345,16
leninsky_prospekt,суббота,23,0,0.291587,16
leninsky_prospekt,суббота,23,1,0.262981,16
leninsky_prospekt,суббота,23,2,0.226683,16
leninsky_prospekt,суббота,23,3,0.21875,16
lesnaya,воскресенье,0,0,0.633143,17
lesnaya,воскресенье,0,1,0.305143,17
lesnaya,воскресенье,0,2,0.056,17
lesnaya,воскресенье,0,3,0.005714,17
lesnaya,воскресенье,5,0,0.000998,17
lesnaya,воскресенье,5,1,0.002994,17
lesnaya,воскресенье,5,2,0.37525,17
lesnaya,воскресенье,5,3,0.620758,17
lesnaya,воскресенье,6,0,0.193585,17
lesnaya,воскресенье,6,1,0.269257,17
lesnaya,воскресенье,6,2,0.261351,17
lesnaya,воскресенье,6,3,0.275808,17
lesnaya,воскресенье,7,0,0.232672,17
lesnaya,воскресенье,7,1,0.231931,17
lesnaya,воскресенье,7,2,0.242002,17
lesnaya,воскресенье,7,3,0.293395,17
lesnaya,воскресенье,8,0,0.231912,17
lesnaya,воскресенье,8,1,0.255135,17
lesnaya,воскресенье,8,2,0.257302,17
lesnaya,воскресенье,8,3,0.255651,17
lesnaya,воскресенье,9,0,0.221871,17
lesnaya,воскресенье,9,1,0.275894,17
lesnaya,воскресенье,9,2,0.261097,17
lesnaya,воскресенье,9,3,0.241137,17
lesnaya,воскресенье,10,0,0.231902,17
lesnaya,воскресенье,10,1,0.262765,17
lesnaya,воскресенье,10,2,0.262565,17
lesnaya,воскресенье,10,3,0.242768,17
lesnaya,воскресенье,11,0,0.232369,17
lesnaya,воскресенье,11,1,0.27038,17
lesnaya,воскресенье,11,2,0.254184,17
lesnaya,воскресенье,11,3,0.243067,17
lesnaya,воскресенье,12,0,0.234477,17
lesnaya,воскресенье,12,1,0.254448,17
lesnaya,воскресенье,12,2,0.260479,17
lesnaya,воскресенье,12,3,0.250596,17
lesnaya,воскресенье,13,0,0.229642,17
lesnaya,воскресенье,13,1,0.267012,17
lesnaya,воскресенье,13,2,0.259929,17
lesnaya,воскресенье,13,3,0.243418,17
lesnaya,воскресенье,14,0,0.23328,17
lesnaya,воскресенье,14,1,0.273071,17
lesnaya,воскресенье,14,2,0.248132,17
lesnaya,воскресенье,14,3,0.245517,17
lesnaya,воскресенье,15,0,0.252413,17
lesnaya,воскресенье,15,1,0.254568,17
lesnaya,воскресенье,15,2,0.257848,17
lesnaya,воскресенье,15,3,0.23517,17
lesnaya,воскресенье,16,0,0.236947,17
lesnaya,воскресенье,16,1,0.266594,17
lesnaya,воскресенье,16,2,0.267781,17
lesnaya,воскресенье,16,3,0.228678,17
lesnaya,воскресенье,17,0,0.246815,17
lesnaya,воскресенье,17,1,0.257181,17
lesnaya,воскресенье,17,2,0.256359,17
lesnaya,воскресенье,17,3,0.239646,17
lesnaya,воскресенье,18,0,0.263097,17
lesnaya,воскресенье,18,1,0.266337,17
lesnaya,воскресенье,18,2,0.24278,17
lesnaya,воскресенье,18,3,0.227786,17
lesnaya,воскресенье,19,0,0.266862,17
lesnaya,воскресенье,19,1,0.266807,17
lesnaya,воскресенье,19,2,0.243715,17
lesnaya,воскресенье,19,3,0.222616,17
lesnaya,воскресенье,20,0,0.26867,17
lesnaya,воскресенье,20,1,0.272057,17
lesnaya,воскресенье,20,2,0.240733,17
lesnaya,воскресенье,20,3,0.21854,17
lesnaya,воскресенье,21,0,0.287665,17
lesnaya,воскресенье,21,1,0.280297,17
lesnaya,воскресенье,21,2,0.221426,17
lesnaya,воскресенье,21,3,0.210612,17
lesnaya,воскресенье,22,0,0.286582,17
lesnaya,воскресенье,22,1,0.329551,17
lesnaya,воскресенье,22,2,0.214552,17
lesnaya,воскресенье,22,3,0.169314,17
lesnaya,воскресенье,23,0,0.32914,17
lesnaya,воскресенье,23,1,0.272986,17
lesnaya,воскресенье,23,2,0.212639,17
lesnaya,воскресенье,23,3,0.185235,17
lesnaya,рабочий,0,0,0.580263,80
lesnaya,рабочий,0,1,0.339582,80
lesnaya,рабочий,0,2,0.071752,80
lesnaya,рабочий,0,3,0.008403,80
lesnaya,рабочий,5,0,0.003488,80
lesnaya,рабочий,5,1,0.001971,80
lesnaya,рабочий,5,2,0.259554,80
lesnaya,рабочий,5,3,0.734986,80
lesnaya,рабочий,6,0,0.173375,80
lesnaya,рабочий,6,1,0.233466,80
lesnaya,рабочий,6,2,0.263026,80
lesnaya,рабочий,6,3,0.330134,80
lesnaya,рабочий,7,0,0.180122,80
lesnaya,рабочий,7,1,0.223438,80
lesnaya,рабочий,7,2,0.274188,80
lesnaya,рабочий,7,3,0.322252,80
lesnaya,рабочий,8,0,0.271103,80
lesnaya,рабочий,8,1,0.285554,80
lesnaya,рабочий,8,2,0.249583,80
lesnaya,рабочий,8,3,0.19376,80
lesnaya,рабочий,9,0,0.233396,80
lesnaya,рабочий,9,1,0.258752,80
lesnaya,рабочий,9,2,0.304483,80
lesnaya,рабочий,9,3,0.203369,80
lesnaya,рабочий,10,0,0.260809,80
lesnaya,рабочий,10,1,0.270551,80
lesnaya,рабочий,10,2,0.251434,80
lesnaya,рабочий,10,3,0.217207,80
lesnaya,рабочий,11,0,0.197124,80
lesnaya,рабочий,11,1,0.238588,80
lesnaya,рабочий,11,2,0.320113,80
lesnaya,рабочий,11,3,0.244174,80
lesnaya,рабочий,12,0,0.255663,80
lesnaya,рабочий,12,1,0.246853,80
lesnaya,рабочий,12,2,0.245527,80
lesnaya,рабочий,12,3,0.251957,80
lesnaya,рабочий,13,0,0.237918,80
lesnaya,рабочий,13,1,0.25463,80
lesnaya,рабочий,13,2,0.269994,80
lesnaya,рабочий,13,3,0.237459,80
lesnaya,рабочий,14,0,0.240162,80
lesnaya,рабочий,14,1,0.248638,80
lesnaya,рабочий,14,2,0.243175,80
lesnaya,рабочий,14,3,0.268025,80
lesnaya,рабочий,15,0,0.219898,80
lesnaya,рабочий,15,1,0.251473,80
lesnaya,рабочий,15,2,0.253906,80
lesnaya,рабочий,15,3,0.274722,80
lesnaya,рабочий,16,0,0.239548,80
lesnaya,рабочий,16,1,0.253747,80
lesnaya,рабочий,16,2,0.244175,80
lesnaya,рабочий,16,3,0.26253,80
lesnaya,рабочий,17,0,0.242918,80
lesnaya,рабочий,17,1,0.282738,80
lesnaya,рабочий,17,2,0.240785,80
lesnaya,рабочий,17,3,0.233558,80
lesnaya,рабочий,18,0,0.284525,80
lesnaya,рабочий,18,1,0.318881,80
lesnaya,рабочий,18,2,0.223912,80
lesnaya,рабочий,18,3,0.172682,80
lesnaya,рабочий,19,0,0.296709,80
lesnaya,рабочий,19,1,0.278208,80
lesnaya,рабочий,19,2,0.229344,80
lesnaya,рабочий,19,3,0.195739,80
lesnaya,рабочий,20,0,0.280558,80
lesnaya,рабочий,20,1,0.289753,80
lesnaya,рабочий,20,2,0.234219,80
lesnaya,рабочий,20,3,0.19547,80
lesnaya,рабочий,21,0,0.288578,80
lesnaya,рабочий,21,1,0.291611,80
lesnaya,рабочий,21,2,0.220146,80
lesnaya,рабочий,21,3,0.199666,80
lesnaya,рабочий,22,0,0.296094,80
lesnaya,рабочий,22,1,0.324104,80
lesnaya,рабочий,22,2,0.213945,80
lesnaya,рабочий,22,3,0.165857,80
lesnaya,рабочий,23,0,0.327182,80
lesnaya,рабочий,23,1,0.289608,80
lesnaya,рабочий,23,2,0.203388,80
lesnaya,рабочий,23,3,0.179821,80
lesnaya,суббота,0,0,0.672803,16
lesnaya,суббота,0,1,0.274477,16
lesnaya,суббота,0,2,0.046862,16
lesnaya,суббота,0,3,0.005858,16
lesnaya,суббота,5,0,0.008278,16
lesnaya,суббота,5,1,0.006623,16
lesnaya,суббота,5,2,0.345199,16
lesnaya,суббота,5,3,0.639901,16
lesnaya,суббота,6,0,0.179271,16
lesnaya,суббота,6,1,0.275041,16
lesnaya,суббота,6,2,0.255631,16
lesnaya,суббота,6,3,0.290057,16
lesnaya,суббота,7,0,0.202421,16
lesnaya,суббота,7,1,0.209818,16
lesnaya,суббота,7,2,0.287444,16
lesnaya,суббота,7,3,0.300317,16
lesnaya,суббота,8,0,0.251212,16
lesnaya,суббота,8,1,0.275036,16
lesnaya,суббота,8,2,0.246979,16
lesnaya,суббота,8,3,0.226773,16
lesnaya,суббота,9,0,0.214867,16
lesnaya,суббота,9,1,0.249652,16
lesnaya,суббота,9,2,0.301937,16
lesnaya,суббота,9,3,0.233544,16
lesnaya,суббота,10,0,0.237365,16
lesnaya,суббота,10,1,0.274335,16
lesnaya,суббота,10,2,0.261032,16
lesnaya,суббота,10,3,0.227268,16
lesnaya,суббота,11,0,0.193139,16
lesnaya,суббота,11,1,0.247851,16
lesnaya,суббота,11,2,0.318504,16
lesnaya,суббота,11,3,0.240506,16
lesnaya,суббота,12,0,0.243614,16
lesnaya,суббота,12,1,0.235935,16
lesnaya,суббота,12,2,0.252922,16
lesnaya,суббота,12,3,0.267529,16
lesnaya,суббота,13,0,0.233758,16
lesnaya,суббота,13,1,0.256593,16
lesnaya,суббота,13,2,0.273671,16
lesnaya,суббота,13,3,0.235978,16
lesnaya,суббота,14,0,0.245353,16
lesnaya,суббота,14,1,0.262097,16
lesnaya,суббота,14,2,0.253512,16
lesnaya,суббота,14,3,0.239038,16
lesnaya,суббота,15,0,0.264038,16
lesnaya,суббота,15,1,0.261538,16
lesnaya,суббота,15,2,0.252213,16
lesnaya,суббота,15,3,0.222211,16
lesnaya,суббота,16,0,0.231624,16
lesnaya,суббота,16,1,0.273422,16
lesnaya,суббота,16,2,0.257844,16
lesnaya,суббота,16,3,0.23711,16
lesnaya,суббота,17,0,0.264428,16
lesnaya,суббота,17,1,0.254499,16
lesnaya,суббота,17,2,0.24457,16
lesnaya,суббота,17,3,0.236504,16
lesnaya,суббота,18,0,0.261273,16
lesnaya,суббота,18,1,0.270395,16
lesnaya,суббота,18,2,0.249363,16
lesnaya,суббота,18,3,0.218969,16
lesnaya,суббота,19,0,0.270129,16
lesnaya,суббота,19,1,0.265081,16
lesnaya,суббота,19,2,0.246299,16
lesnaya,суббота,19,3,0.218491,16
lesnaya,суббота,20,0,0.261409,16
lesnaya,суббота,20,1,0.285476,16
lesnaya,суббота,20,2,0.245728,16
lesnaya,суббота,20,3,0.207387,16
lesnaya,суббота,21,0,0.27548,16
lesnaya,суббота,21,1,0.278099,16
lesnaya,суббота,21,2,0.239415,16
lesnaya,суббота,21,3,0.207006,16
lesnaya,суббота,22,0,0.293561,16
lesnaya,суббота,22,1,0.315834,16
lesnaya,суббота,22,2,0.217937,16
lesnaya,суббота,22,3,0.172668,16
lesnaya,суббота,23,0,0.315676,16
lesnaya,суббота,23,1,0.269535,16
lesnaya,суббота,23,2,0.221716,16
lesnaya,суббота,23,3,0.193073,16
narvskaya,воскресенье,0,0,0.707006,17
narvskaya,воскресенье,0,1,0.235669,17
narvskaya,воскресенье,0,2,0.055202,17
narvskaya,воскресенье,0,3,0.002123,17
narvskaya,воскресенье,5,0,0.001843,17
narvskaya,воскресенье,5,1,0.001843,17
narvskaya,воскресенье,5,2,0.474654,17
narvskaya,воскресенье,5,3,0.521659,17
narvskaya,воскресенье,6,0,0.190069,17
narvskaya,воскресенье,6,1,0.256831,17
narvskaya,воскресенье,6,2,0.248515,17
narvskaya,воскресенье,6,3,0.304585,17
narvskaya,воскресенье,7,0,0.221538,17
narvskaya,воскресенье,7,1,0.237001,17
narvskaya,воскресенье,7,2,0.261357,17
narvskaya,воскресенье,7,3,0.280104,17
narvskaya,воскресенье,8,0,0.253687,17
narvskaya,воскресенье,8,1,0.27812,17
narvskaya,воскресенье,8,2,0.245983,17
narvskaya,воскресенье,8,3,0.22221,17
narvskaya,воскресенье,9,0,0.232469,17
narvskaya,воскресенье,9,1,0.305128,17
narvskaya,воскресенье,9,2,0.248277,17
narvskaya,воскресенье,9,3,0.214126,17
narvskaya,воскресенье,10,0,0.241489,17
narvskaya,воскресенье,10,1,0.270939,17
narvskaya,воскресенье,10,2,0.250474,17
narvskaya,воскресенье,10,3,0.237097,17
narvskaya,воскресенье,11,0,0.228485,17
narvskaya,воскресенье,11,1,0.273509,17
narvskaya,воскресенье,11,2,0.258176,17
narvskaya,воскресенье,11,3,0.23983,17
narvskaya,воскресенье,12,0,0.246391,17
narvskaya,воскресенье,12,1,0.251967,17
narvskaya,воскресенье,12,2,0.255022,17
narvskaya,воскресенье,12,3,0.24662,17
narvskaya,воскресенье,13,0,0.229892,17
narvskaya,воскресенье,13,1,0.255961,17
narvskaya,воскресенье,13,2,0.263677,17
narvskaya,воскресенье,13,3,0.250469,17
narvskaya,воскресенье,14,0,0.231624,17
narvskaya,воскресенье,14,1,0.24585,17
narvskaya,воскресенье,14,2,0.25365,17
narvskaya,воскресенье,14,3,0.268876,17
narvskaya,воскресенье,15,0,0.240801,17
narvskaya,воскресенье,15,1,0.248352,17
narvskaya,воскресенье,15,2,0.27568,17
narvskaya,воскресенье,15,3,0.235167,17
narvskaya,воскресенье,16,0,0.248098,17
narvskaya,воскресенье,16,1,0.255329,17
narvskaya,воскресенье,16,2,0.263628,17
narvskaya,воскресенье,16,3,0.232946,17
narvskaya,воскресенье,17,0,0.236836,17
narvskaya,воскресенье,17,1,0.265246,17
narvskaya,воскресенье,17,2,0.260164,17
narvskaya,воскресенье,17,3,0.237754,17
narvskaya,воскресенье,18,0,0.258319,17
narvskaya,воскресенье,18,1,0.264235,17
narvskaya,воскресенье,18,2,0.253821,17
narvskaya,воскресенье,18,3,0.223626,17
narvskaya,воскресенье,19,0,0.245976,17
narvskaya,воскресенье,19,1,0.265887,17
narvskaya,воскресенье,19,2,0.246428,17
narvskaya,воскресенье,19,3,0.241709,17
narvskaya,воскресенье,20,0,0.276056,17
narvskaya,воскресенье,20,1,0.275338,17
narvskaya,воскресенье,20,2,0.238073,17
narvskaya,воскресенье,20,3,0.210533,17
narvskaya,воскресенье,21,0,0.287709,17
narvskaya,воскресенье,21,1,0.274896,17
narvskaya,воскресенье,21,2,0.209419,17
narvskaya,воскресенье,21,3,0.227976,17
narvskaya,воскресенье,22,0,0.338818,17
narvskaya,воскресенье,22,1,0.271435,17
narvskaya,воскресенье,22,2,0.211999,17
narvskaya,воскресенье,22,3,0.177748,17
narvskaya,воскресенье,23,0,0.346306,17
narvskaya,воскресенье,23,1,0.252858,17
narvskaya,воскресенье,23,2,0.205365,17
narvskaya,воскресенье,23,3,0.195471,17
narvskaya,рабочий,0,0,0.742943,80
narvskaya,рабочий,0,1,0.208569,80
narvskaya,рабочий,0,2,0.046164,80
narvskaya,рабочий,0,3,0.002325,80
narvskaya,рабочий,5,0,0.000816,80
narvskaya,рабочий,5,1,0.00204,80
narvskaya,рабочий,5,2,0.506894,80
narvskaya,рабочий,5,3,0.49025,80
narvskaya,рабочий,6,0,0.17262,80
narvskaya,рабочий,6,1,0.239851,80
narvskaya,рабочий,6,2,0.264338,80
narvskaya,рабочий,6,3,0.323191,80
narvskaya,рабочий,7,0,0.213901,80
narvskaya,рабочий,7,1,0.227081,80
narvskaya,рабочий,7,2,0.252657,80
narvskaya,рабочий,7,3,0.30636,80
narvskaya,рабочий,8,0,0.270245,57
narvskaya,рабочий,8,1,0.293401,57
narvskaya,рабочий,8,2,0.250468,57
narvskaya,рабочий,8,3,0.185886,57
narvskaya,рабочий,9,0,0.249856,80
narvskaya,рабочий,9,1,0.295574,80
narvskaya,рабочий,9,2,0.242853,80
narvskaya,рабочий,9,3,0.211717,80
narvskaya,рабочий,10,0,0.242939,80
narvskaya,рабочий,10,1,0.266087,80
narvskaya,рабочий,10,2,0.253682,80
narvskaya,рабочий,10,3,0.237293,80
narvskaya,рабочий,11,0,0.238851,80
narvskaya,рабочий,11,1,0.251988,80
narvskaya,рабочий,11,2,0.260363,80
narvskaya,рабочий,11,3,0.248798,80
narvskaya,рабочий,12,0,0.222816,80
narvskaya,рабочий,12,1,0.237457,80
narvskaya,рабочий,12,2,0.274136,80
narvskaya,рабочий,12,3,0.265591,80
narvskaya,рабочий,13,0,0.247126,80
narvskaya,рабочий,13,1,0.256351,80
narvskaya,рабочий,13,2,0.26532,80
narvskaya,рабочий,13,3,0.231203,80
narvskaya,рабочий,14,0,0.220293,80
narvskaya,рабочий,14,1,0.250554,80
narvskaya,рабочий,14,2,0.243933,80
narvskaya,рабочий,14,3,0.285221,80
narvskaya,рабочий,15,0,0.222632,80
narvskaya,рабочий,15,1,0.222104,80
narvskaya,рабочий,15,2,0.258933,80
narvskaya,рабочий,15,3,0.296331,80
narvskaya,рабочий,16,0,0.19756,80
narvskaya,рабочий,16,1,0.218688,80
narvskaya,рабочий,16,2,0.282113,80
narvskaya,рабочий,16,3,0.301639,80
narvskaya,рабочий,17,0,0.262591,80
narvskaya,рабочий,17,1,0.273979,80
narvskaya,рабочий,17,2,0.237424,80
narvskaya,рабочий,17,3,0.226006,80
narvskaya,рабочий,18,0,0.305493,80
narvskaya,рабочий,18,1,0.3255,80
narvskaya,рабочий,18,2,0.210897,80
narvskaya,рабочий,18,3,0.158109,80
narvskaya,рабочий,19,0,0.288353,80
narvskaya,рабочий,19,1,0.278903,80
narvskaya,рабочий,19,2,0.22686,80
narvskaya,рабочий,19,3,0.205884,80
narvskaya,рабочий,20,0,0.296899,80
narvskaya,рабочий,20,1,0.284086,80
narvskaya,рабочий,20,2,0.225253,80
narvskaya,рабочий,20,3,0.193762,80
narvskaya,рабочий,21,0,0.288029,80
narvskaya,рабочий,21,1,0.273032,80
narvskaya,рабочий,21,2,0.221793,80
narvskaya,рабочий,21,3,0.217147,80
narvskaya,рабочий,22,0,0.34667,80
narvskaya,рабочий,22,1,0.290195,80
narvskaya,рабочий,22,2,0.208628,80
narvskaya,рабочий,22,3,0.154507,80
narvskaya,рабочий,23,0,0.318276,80
narvskaya,рабочий,23,1,0.278509,80
narvskaya,рабочий,23,2,0.211567,80
narvskaya,рабочий,23,3,0.191648,80
narvskaya,суббота,0,0,0.760902,16
narvskaya,суббота,0,1,0.18797,16
narvskaya,суббота,0,2,0.04812,16
narvskaya,суббота,0,3,0.003008,16
narvskaya,суббота,5,0,0.006897,16
narvskaya,суббота,5,1,0.008429,16
narvskaya,суббота,5,2,0.469732,16
narvskaya,суббота,5,3,0.514943,16
narvskaya,суббота,6,0,0.17528,16
narvskaya,суббота,6,1,0.244068,16
narvskaya,суббота,6,2,0.262829,16
narvskaya,суббота,6,3,0.317822,16
narvskaya,суббота,7,0,0.222767,16
narvskaya,суббота,7,1,0.239087,16
narvskaya,суббота,7,2,0.256908,16
narvskaya,суббота,7,3,0.281237,16
narvskaya,суббота,8,0,0.282685,16
narvskaya,суббота,8,1,0.273156,16
narvskaya,суббота,8,2,0.234612,16
narvskaya,суббота,8,3,0.209546,16
narvskaya,суббота,9,0,0.246137,16
narvskaya,суббота,9,1,0.297304,16
narvskaya,суббота,9,2,0.255752,16
narvskaya,суббота,9,3,0.200807,16
narvskaya,суббота,10,0,0.232095,16
narvskaya,суббота,10,1,0.259751,16
narvskaya,суббота,10,2,0.252606,16
narvskaya,суббота,10,3,0.255548,16
narvskaya,суббота,11,0,0.237459,16
narvskaya,суббота,11,1,0.25353,16
narvskaya,суббота,11,2,0.264794,16
narvskaya,суббота,11,3,0.244217,16
narvskaya,суббота,12,0,0.222292,16
narvskaya,суббота,12,1,0.245661,16
narvskaya,суббота,12,2,0.277301,16
narvskaya,суббота,12,3,0.254746,16
narvskaya,суббота,13,0,0.220616,16
narvskaya,суббота,13,1,0.247941,16
narvskaya,суббота,13,2,0.263976,16
narvskaya,суббота,13,3,0.267467,16
narvskaya,суббота,14,0,0.240038,16
narvskaya,суббота,14,1,0.260416,16
narvskaya,суббота,14,2,0.260819,16
narvskaya,суббота,14,3,0.238727,16
narvskaya,суббота,15,0,0.253824,16
narvskaya,суббота,15,1,0.272799,16
narvskaya,суббота,15,2,0.238331,16
narvskaya,суббота,15,3,0.235046,16
narvskaya,суббота,16,0,0.255772,16
narvskaya,суббота,16,1,0.273487,16
narvskaya,суббота,16,2,0.250697,16
narvskaya,суббота,16,3,0.220044,16
narvskaya,суббота,17,0,0.251477,16
narvskaya,суббота,17,1,0.253179,16
narvskaya,суббота,17,2,0.244932,16
narvskaya,суббота,17,3,0.250412,16
narvskaya,суббота,18,0,0.262256,16
narvskaya,суббота,18,1,0.269283,16
narvskaya,суббота,18,2,0.238528,16
narvskaya,суббота,18,3,0.229934,16
narvskaya,суббота,19,0,0.265752,16
narvskaya,суббота,19,1,0.259763,16
narvskaya,суббота,19,2,0.223893,16
narvskaya,суббота,19,3,0.250593,16
narvskaya,суббота,20,0,0.264018,16
narvskaya,суббота,20,1,0.261691,16
narvskaya,суббота,20,2,0.250872,16
narvskaya,суббота,20,3,0.223418,16
narvskaya,суббота,21,0,0.282459,16
narvskaya,суббота,21,1,0.273435,16
narvskaya,суббота,21,2,0.21845,16
narvskaya,суббота,21,3,0.225656,16
narvskaya,суббота,22,0,0.383159,16
narvskaya,суббота,22,1,0.259884,16
narvskaya,суббота,22,2,0.192372,16
narvskaya,суббота,22,3,0.164584,16
narvskaya,суббота,23,0,0.290391,16
narvskaya,суббота,23,1,0.275801,16
narvskaya,суббота,23,2,0.231495,16
narvskaya,суббота,23,3,0.202313,16
ploshchad_lenina,воскресенье,0,0,0.71298,17
ploshchad_lenina,воскресенье,0,1,0.275137,17
ploshchad_lenina,воскресенье,0,2,0.011883,17
ploshchad_lenina,воскресенье,0,3,0.0,17
ploshchad_lenina,воскресенье,5,0,0.028786,17
ploshchad_lenina,воскресенье,5,1,0.008996,17
ploshchad_lenina,воскресенье,5,2,0.463268,17
ploshchad_lenina,воскресенье,5,3,0.498951,17
ploshchad_lenina,воскресенье,6,0,0.188884,17
ploshchad_lenina,воскресенье,6,1,0.227671,17
ploshchad_lenina,воскресенье,6,2,0.242532,17
ploshchad_lenina,воскресенье,6,3,0.340912,17
ploshchad_lenina,воскресенье,7,0,0.254131,17
ploshchad_lenina,воскресенье,7,1,0.27243,17
ploshchad_lenina,воскресенье,7,2,0.191579,17
ploshchad_lenina,воскресенье,7,3,0.28186,17
ploshchad_lenina,воскресенье,8,0,0.281443,17
ploshchad_lenina,воскресенье,8,1,0.319959,17
ploshchad_lenina,воскресенье,8,2,0.194895,17
ploshchad_lenina,воскресенье,8,3,0.203704,17
ploshchad_lenina,воскресенье,9,0,0.218752,17
ploshchad_lenina,воскресенье,9,1,0.323277,17
ploshchad_lenina,воскресенье,9,2,0.287389,17
ploshchad_lenina,воскресенье,9,3,0.170583,17
ploshchad_lenina,воскресенье,10,0,0.19197,17
ploshchad_lenina,воскресенье,10,1,0.236181,17
ploshchad_lenina,воскресенье,10,2,0.254454,17
ploshchad_lenina,воскресенье,10,3,0.317395,17
ploshchad_lenina,воскресенье,11,0,0.191884,17
ploshchad_lenina,воскресенье,11,1,0.250322,17
ploshchad_lenina,воскресенье,11,2,0.263667,17
ploshchad_lenina,воскресенье,11,3,0.294126,17
ploshchad_lenina,воскресенье,12,0,0.316129,17
ploshchad_lenina,воскресенье,12,1,0.320551,17
ploshchad_lenina,воскресенье,12,2,0.159913,17
ploshchad_lenina,воскресенье,12,3,0.203406,17
ploshchad_lenina,воскресенье,13,0,0.255666,17
ploshchad_lenina,воскресенье,13,1,0.213946,17
ploshchad_lenina,воскресенье,13,2,0.253011,17
ploshchad_lenina,воскресенье,13,3,0.277377,17
ploshchad_lenina,воскресенье,14,0,0.142575,17
ploshchad_lenina,воскресенье,14,1,0.297034,17
ploshchad_lenina,воскресенье,14,2,0.18526,17
ploshchad_lenina,воскресенье,14,3,0.37513,17
ploshchad_lenina,воскресенье,15,0,0.235453,17
ploshchad_lenina,воскресенье,15,1,0.219843,17
ploshchad_lenina,воскресенье,15,2,0.29876,17
ploshchad_lenina,воскресенье,15,3,0.245944,17
ploshchad_lenina,воскресенье,16,0,0.127803,17
ploshchad_lenina,воскресенье,16,1,0.239861,17
ploshchad_lenina,воскресенье,16,2,0.241237,17
ploshchad_lenina,воскресенье,16,3,0.391098,17
ploshchad_lenina,воскресенье,17,0,0.181976,17
ploshchad_lenina,воскресенье,17,1,0.244026,17
ploshchad_lenina,воскресенье,17,2,0.304742,17
ploshchad_lenina,воскресенье,17,3,0.269256,17
ploshchad_lenina,воскресенье,18,0,0.180805,17
ploshchad_lenina,воскресенье,18,1,0.357354,17
ploshchad_lenina,воскресенье,18,2,0.317444,17
ploshchad_lenina,воскресенье,18,3,0.144397,17
ploshchad_lenina,воскресенье,19,0,0.222867,17
ploshchad_lenina,воскресенье,19,1,0.22533,17
ploshchad_lenina,воскресенье,19,2,0.33165,17
ploshchad_lenina,воскресенье,19,3,0.220154,17
ploshchad_lenina,воскресенье,20,0,0.355724,17
ploshchad_lenina,воскресенье,20,1,0.196321,17
ploshchad_lenina,воскресенье,20,2,0.250171,17
ploshchad_lenina,воскресенье,20,3,0.197785,17
ploshchad_lenina,воскресенье,21,0,0.321546,17
ploshchad_lenina,воскресенье,21,1,0.229778,17
ploshchad_lenina,воскресенье,21,2,0.214864,17
ploshchad_lenina,воскресенье,21,3,0.233812,17
ploshchad_lenina,воскресенье,22,0,0.469958,17
ploshchad_lenina,воскресенье,22,1,0.202927,17
ploshchad_lenina,воскресенье,22,2,0.198305,17
ploshchad_lenina,воскресенье,22,3,0.12881,17
ploshchad_lenina,воскресенье,23,0,0.201609,17
ploshchad_lenina,воскресенье,23,1,0.197113,17
ploshchad_lenina,воскресенье,23,2,0.418757,17
ploshchad_lenina,воскресенье,23,3,0.182521,17
ploshchad_lenina,рабочий,0,0,0.641926,80
ploshchad_lenina,рабочий,0,1,0.335366,80
ploshchad_lenina,рабочий,0,2,0.019554,80
ploshchad_lenina,рабочий,0,3,0.003154,80
ploshchad_lenina,рабочий,5,0,0.042565,80
ploshchad_lenina,рабочий,5,1,0.013771,80
ploshchad_lenina,рабочий,5,2,0.483233,80
ploshchad_lenina,рабочий,5,3,0.460431,80
ploshchad_lenina,рабочий,6,0,0.155875,80
ploshchad_lenina,рабочий,6,1,0.24058,80
ploshchad_lenina,рабочий,6,2,0.24302,80
ploshchad_lenina,рабочий,6,3,0.360525,80
ploshchad_lenina,рабочий,7,0,0.21271,80
ploshchad_lenina,рабочий,7,1,0.239902,80
ploshchad_lenina,рабочий,7,2,0.224443,80
ploshchad_lenina,рабочий,7,3,0.322945,80
ploshchad_lenina,рабочий,8,0,0.263012,80
ploshchad_lenina,рабочий,8,1,0.315693,80
ploshchad_lenina,рабочий,8,2,0.259571,80
ploshchad_lenina,рабочий,8,3,0.161724,80
ploshchad_lenina,рабочий,9,0,0.267788,80
ploshchad_lenina,рабочий,9,1,0.310413,80
ploshchad_lenina,рабочий,9,2,0.24308,80
ploshchad_lenina,рабочий,9,3,0.178719,80
ploshchad_lenina,рабочий,10,0,0.202316,80
ploshchad_lenina,рабочий,10,1,0.266797,80
ploshchad_lenina,рабочий,10,2,0.248464,80
ploshchad_lenina,рабочий,10,3,0.282423,80
ploshchad_lenina,рабочий,11,0,0.213133,80
ploshchad_lenina,рабочий,11,1,0.236299,80
ploshchad_lenina,рабочий,11,2,0.272232,80
ploshchad_lenina,рабочий,11,3,0.278336,80
ploshchad_lenina,рабочий,12,0,0.254705,80
ploshchad_lenina,рабочий,12,1,0.316211,80
ploshchad_lenina,рабочий,12,2,0.214552,80
ploshchad_lenina,рабочий,12,3,0.214532,80
ploshchad_lenina,рабочий,13,0,0.272381,80
ploshchad_lenina,рабочий,13,1,0.236614,80
ploshchad_lenina,рабочий,13,2,0.254203,80
ploshchad_lenina,рабочий,13,3,0.236802,80
ploshchad_lenina,рабочий,14,0,0.18497,80
ploshchad_lenina,рабочий,14,1,0.307116,80
ploshchad_lenina,рабочий,14,2,0.235762,80
ploshchad_lenina,рабочий,14,3,0.272152,80
ploshchad_lenina,рабочий,15,0,0.237101,80
ploshchad_lenina,рабочий,15,1,0.213323,80
ploshchad_lenina,рабочий,15,2,0.264212,80
ploshchad_lenina,рабочий,15,3,0.285364,80
ploshchad_lenina,рабочий,16,0,0.218196,80
ploshchad_lenina,рабочий,16,1,0.256208,80
ploshchad_lenina,рабочий,16,2,0.244254,80
ploshchad_lenina,рабочий,16,3,0.281342,80
ploshchad_lenina,рабочий,17,0,0.243174,80
ploshchad_lenina,рабочий,17,1,0.261333,80
ploshchad_lenina,рабочий,17,2,0.258601,80
ploshchad_lenina,рабочий,17,3,0.236891,80
ploshchad_lenina,рабочий,18,0,0.307485,80
ploshchad_lenina,рабочий,18,1,0.326023,80
ploshchad_lenina,рабочий,18,2,0.226466,80
ploshchad_lenina,рабочий,18,3,0.140026,80
ploshchad_lenina,рабочий,19,0,0.280583,80
ploshchad_lenina,рабочий,19,1,0.241308,80
ploshchad_lenina,рабочий,19,2,0.278081,80
ploshchad_lenina,рабочий,19,3,0.200027,80
ploshchad_lenina,рабочий,20,0,0.355046,80
ploshchad_lenina,рабочий,20,1,0.239109,80
ploshchad_lenina,рабочий,20,2,0.226358,80
ploshchad_lenina,рабочий,20,3,0.179486,80
ploshchad_lenina,рабочий,21,0,0.300041,80
ploshchad_lenina,рабочий,21,1,0.240059,80
ploshchad_lenina,рабочий,21,2,0.215307,80
ploshchad_lenina,рабочий,21,3,0.244593,80
ploshchad_lenina,рабочий,22,0,0.418754,80
ploshchad_lenina,рабочий,22,1,0.207602,80
ploshchad_lenina,рабочий,22,2,0.224315,80
ploshchad_lenina,рабочий,22,3,0.149329,80
ploshchad_lenina,рабочий,23,0,0.236884,80
ploshchad_lenina,рабочий,23,1,0.246216,80
ploshchad_lenina,рабочий,23,2,0.362446,80
ploshchad_lenina,рабочий,23,3,0.154454,80
ploshchad_lenina,суббота,0,0,0.708215,16
ploshchad_lenina,суббота,0,1,0.278329,16
ploshchad_lenina,суббота,0,2,0.013456,16
ploshchad_lenina,суббота,0,3,0.0,16
ploshchad_lenina,суббота,5,0,0.064679,16
ploshchad_lenina,суббота,5,1,0.061647,16
ploshchad_lenina,суббота,5,2,0.387064,16
ploshchad_lenina,суббота,5,3,0.486609,16
ploshchad_lenina,суббота,6,0,0.163496,16
ploshchad_lenina,суббота,6,1,0.212159,16
ploshchad_lenina,суббота,6,2,0.268266,16
ploshchad_lenina,суббота,6,3,0.356079,16
ploshchad_lenina,суббота,7,0,0.2345,16
ploshchad_lenina,суббота,7,1,0.255614,16
ploshchad_lenina,суббота,7,2,0.209058,16
ploshchad_lenina,суббота,7,3,0.300828,16
ploshchad_lenina,суббота,8,0,0.282925,16
ploshchad_lenina,суббота,8,1,0.328627,16
ploshchad_lenina,суббота,8,2,0.207073,16
ploshchad_lenina,суббота,8,3,0.181374,16
ploshchad_lenina,суббота,9,0,0.216804,16
ploshchad_lenina,суббота,9,1,0.348921,16
ploshchad_lenina,суббота,9,2,0.262037,16
ploshchad_lenina,суббота,9,3,0.172239,16
ploshchad_lenina,суббота,10,0,0.183297,16
ploshchad_lenina,суббота,10,1,0.236224,16
ploshchad_lenina,суббота,10,2,0.249533,16
ploshchad_lenina,суббота,10,3,0.330946,16
ploshchad_lenina,суббота,11,0,0.192117,16
ploshchad_lenina,суббота,11,1,0.250722,16
ploshchad_lenina,суббота,11,2,0.274472,16
ploshchad_lenina,суббота,11,3,0.282689,16
ploshchad_lenina,суббота,12,0,0.262428,16
ploshchad_lenina,суббота,12,1,0.290675,16
ploshchad_lenina,суббота,12,2,0.199516,16
ploshchad_lenina,суббота,12,3,0.247381,16
ploshchad_lenina,суббота,13,0,0.293738,16
ploshchad_lenina,суббота,13,1,0.221146,16
ploshchad_lenina,суббота,13,2,0.241476,16
ploshchad_lenina,суббота,13,3,0.24364,16
ploshchad_lenina,суббота,14,0,0.166456,16
ploshchad_lenina,суббота,14,1,0.267355,16
ploshchad_lenina,суббота,14,2,0.224035,16
ploshchad_lenina,суббота,14,3,0.342153,16
ploshchad_lenina,суббота,15,0,0.243254,16
ploshchad_lenina,суббота,15,1,0.233256,16
ploshchad_lenina,суббота,15,2,0.297746,16
ploshchad_lenina,суббота,15,3,0.225743,16
ploshchad_lenina,суббота,16,0,0.184409,16
ploshchad_lenina,суббота,16,1,0.239719,16
ploshchad_lenina,суббота,16,2,0.261168,16
ploshchad_lenina,суббота,16,3,0.314705,16
ploshchad_lenina,суббота,17,0,0.209135,16
ploshchad_lenina,суббота,17,1,0.256464,16
ploshchad_lenina,суббота,17,2,0.28758,16
ploshchad_lenina,суббота,17,3,0.246822,16
ploshchad_lenina,суббота,18,0,0.197222,16
ploshchad_lenina,суббота,18,1,0.357443,16
ploshchad_lenina,суббота,18,2,0.28752,16
ploshchad_lenina,суббота,18,3,0.157815,16
ploshchad_lenina,суббота,19,0,0.228415,16
ploshchad_lenina,суббота,19,1,0.235275,16
ploshchad_lenina,суббота,19,2,0.29269,16
ploshchad_lenina,суббота,19,3,0.243621,16
ploshchad_lenina,суббота,20,0,0.323271,16
ploshchad_lenina,суббота,20,1,0.224439,16
ploshchad_lenina,суббота,20,2,0.257779,16
ploshchad_lenina,суббота,20,3,0.19451,16
ploshchad_lenina,суббота,21,0,0.273559,16
ploshchad_lenina,суббота,21,1,0.253298,16
ploshchad_lenina,суббота,21,2,0.21429,16
ploshchad_lenina,суббота,21,3,0.258853,16
ploshchad_lenina,суббота,22,0,0.449087,16
ploshchad_lenina,суббота,22,1,0.210133,16
ploshchad_lenina,суббота,22,2,0.204968,16
ploshchad_lenina,суббота,22,3,0.135812,16
ploshchad_lenina,суббота,23,0,0.194549,16
ploshchad_lenina,суббота,23,1,0.192468,16
ploshchad_lenina,суббота,23,2,0.42071,16
ploshchad_lenina,суббота,23,3,0.192273,16
ploshchad_muzhestva,воскресенье,0,0,0.62156,17
ploshchad_muzhestva,воскресенье,0,1,0.233945,17
ploshchad_muzhestva,воскресенье,0,2,0.139908,17
ploshchad_muzhestva,воскресенье,0,3,0.004587,17
ploshchad_muzhestva,воскресенье,5,0,0.001139,17
ploshchad_muzhestva,воскресенье,5,1,0.001139,17
ploshchad_muzhestva,воскресенье,5,2,0.381549,17
ploshchad_muzhestva,воскресенье,5,3,0.616173,17
ploshchad_muzhestva,воскресенье,6,0,0.20945,17
ploshchad_muzhestva,воскресенье,6,1,0.233938,17
ploshchad_muzhestva,воскресенье,6,2,0.240565,17
ploshchad_muzhestva,воскресенье,6,3,0.316047,17
ploshchad_muzhestva,воскресенье,7,0,0.216398,17
ploshchad_muzhestva,воскресенье,7,1,0.246284,17
ploshchad_muzhestva,воскресенье,7,2,0.290408,17
ploshchad_muzhestva,воскресенье,7,3,0.24691,17
ploshchad_muzhestva,воскресенье,8,0,0.235627,17
ploshchad_muzhestva,воскресенье,8,1,0.279115,17
ploshchad_muzhestva,воскресенье,8,2,0.241155,17
ploshchad_muzhestva,воскресенье,8,3,0.244103,17
ploshchad_muzhestva,воскресенье,9,0,0.239002,17
ploshchad_muzhestva,воскресенье,9,1,0.275611,17
ploshchad_muzhestva,воскресенье,9,2,0.244289,17
ploshchad_muzhestva,воскресенье,9,3,0.241097,17
ploshchad_muzhestva,воскресенье,10,0,0.229207,17
ploshchad_muzhestva,воскресенье,10,1,0.272799,17
ploshchad_muzhestva,воскресенье,10,2,0.257018,17
ploshchad_muzhestva,воскресенье,10,3,0.240976,17
ploshchad_muzhestva,воскресенье,11,0,0.243469,17
ploshchad_muzhestva,воскресенье,11,1,0.265251,17
ploshchad_muzhestva,воскресенье,11,2,0.260753,17
ploshchad_muzhestva,воскресенье,11,3,0.230526,17
ploshchad_muzhestva,воскресенье,12,0,0.2339,17
ploshchad_muzhestva,воскресенье,12,1,0.258608,17
ploshchad_muzhestva,воскресенье,12,2,0.250612,17
ploshchad_muzhestva,воскресенье,12,3,0.256879,17
ploshchad_muzhestva,воскресенье,13,0,0.230109,17
ploshchad_muzhestva,воскресенье,13,1,0.263219,17
ploshchad_muzhestva,воскресенье,13,2,0.253985,17
ploshchad_muzhestva,воскресенье,13,3,0.252687,17
ploshchad_muzhestva,воскресенье,14,0,0.245282,17
ploshchad_muzhestva,воскресенье,14,1,0.27694,17
ploshchad_muzhestva,воскресенье,14,2,0.242373,17
ploshchad_muzhestva,воскресенье,14,3,0.235406,17
ploshchad_muzhestva,воскресенье,15,0,0.252559,17
ploshchad_muzhestva,воскресенье,15,1,0.261407,17
ploshchad_muzhestva,воскресенье,15,2,0.233913,17
ploshchad_muzhestva,воскресенье,15,3,0.252121,17
ploshchad_muzhestva,воскресенье,16,0,0.2477,17
ploshchad_muzhestva,воскресенье,16,1,0.267763,17
ploshchad_muzhestva,воскресенье,16,2,0.249811,17
ploshchad_muzhestva,воскресенье,16,3,0.234726,17
ploshchad_muzhestva,воскресенье,17,0,0.239772,17
ploshchad_muzhestva,воскресенье,17,1,0.258894,17
ploshchad_muzhestva,воскресенье,17,2,0.246887,17
ploshchad_muzhestva,воскресенье,17,3,0.254447,17
ploshchad_muzhestva,воскресенье,18,0,0.260512,17
ploshchad_muzhestva,воскресенье,18,1,0.26976,17
ploshchad_muzhestva,воскресенье,18,2,0.246364,17
ploshchad_muzhestva,воскресенье,18,3,0.223364,17
ploshchad_muzhestva,воскресенье,19,0,0.263645,17
ploshchad_muzhestva,воскресенье,19,1,0.267213,17
ploshchad_muzhestva,воскресенье,19,2,0.238284,17
ploshchad_muzhestva,воскресенье,19,3,0.230858,17
ploshchad_muzhestva,воскресенье,20,0,0.286839,17
ploshchad_muzhestva,воскресенье,20,1,0.289326,17
ploshchad_muzhestva,воскресенье,20,2,0.233886,17
ploshchad_muzhestva,воскресенье,20,3,0.189948,17
ploshchad_muzhestva,воскресенье,21,0,0.28895,17
ploshchad_muzhestva,воскресенье,21,1,0.291436,17
ploshchad_muzhestva,воскресенье,21,2,0.228315,17
ploshchad_muzhestva,воскресенье,21,3,0.191298,17
ploshchad_muzhestva,воскресенье,22,0,0.289412,17
ploshchad_muzhestva,воскресенье,22,1,0.273711,17
ploshchad_muzhestva,воскресенье,22,2,0.247189,17
ploshchad_muzhestva,воскресенье,22,3,0.189688,17
ploshchad_muzhestva,воскресенье,23,0,0.312479,17
ploshchad_muzhestva,воскресенье,23,1,0.275737,17
ploshchad_muzhestva,воскресенье,23,2,0.213174,17
ploshchad_muzhestva,воскресенье,23,3,0.19861,17
ploshchad_muzhestva,рабочий,0,0,0.557829,80
ploshchad_muzhestva,рабочий,0,1,0.312317,80
ploshchad_muzhestva,рабочий,0,2,0.119833,80
ploshchad_muzhestva,рабочий,0,3,0.010021,80
ploshchad_muzhestva,рабочий,5,0,0.000317,79
ploshchad_muzhestva,рабочий,5,1,0.000397,79
ploshchad_muzhestva,рабочий,5,2,0.447222,79
ploshchad_muzhestva,рабочий,5,3,0.552063,79
ploshchad_muzhestva,рабочий,6,0,0.183538,79
ploshchad_muzhestva,рабочий,6,1,0.211668,79
ploshchad_muzhestva,рабочий,6,2,0.245666,79
ploshchad_muzhestva,рабочий,6,3,0.359129,79
ploshchad_muzhestva,рабочий,7,0,0.205254,79
ploshchad_muzhestva,рабочий,7,1,0.213144,79
ploshchad_muzhestva,рабочий,7,2,0.262489,79
ploshchad_muzhestva,рабочий,7,3,0.319114,79
ploshchad_muzhestva,рабочий,8,0,0.266341,79
ploshchad_muzhestva,рабочий,8,1,0.290384,79
ploshchad_muzhestva,рабочий,8,2,0.248297,79
ploshchad_muzhestva,рабочий,8,3,0.194977,79
ploshchad_muzhestva,рабочий,9,0,0.279205,80
ploshchad_muzhestva,рабочий,9,1,0.282806,80
ploshchad_muzhestva,рабочий,9,2,0.242261,80
ploshchad_muzhestva,рабочий,9,3,0.195728,80
ploshchad_muzhestva,рабочий,10,0,0.266521,80
ploshchad_muzhestva,рабочий,10,1,0.271737,80
ploshchad_muzhestva,рабочий,10,2,0.242079,80
ploshchad_muzhestva,рабочий,10,3,0.219663,80
ploshchad_muzhestva,рабочий,11,0,0.230766,80
ploshchad_muzhestva,рабочий,11,1,0.247797,80
ploshchad_muzhestva,рабочий,11,2,0.269067,80
ploshchad_muzhestva,рабочий,11,3,0.25237,80
ploshchad_muzhestva,рабочий,12,0,0.253688,80
ploshchad_muzhestva,рабочий,12,1,0.251179,80
ploshchad_muzhestva,рабочий,12,2,0.24336,80
ploshchad_muzhestva,рабочий,12,3,0.251773,80
ploshchad_muzhestva,рабочий,13,0,0.214843,80
ploshchad_muzhestva,рабочий,13,1,0.244865,80
ploshchad_muzhestva,рабочий,13,2,0.280043,80
ploshchad_muzhestva,рабочий,13,3,0.26025,80
ploshchad_muzhestva,рабочий,14,0,0.25661,80
ploshchad_muzhestva,рабочий,14,1,0.256121,80
ploshchad_muzhestva,рабочий,14,2,0.241932,80
ploshchad_muzhestva,рабочий,14,3,0.245336,80
ploshchad_muzhestva,рабочий,15,0,0.220607,80
ploshchad_muzhestva,рабочий,15,1,0.232281,80
ploshchad_muzhestva,рабочий,15,2,0.266474,80
ploshchad_muzhestva,рабочий,15,3,0.280637,80
ploshchad_muzhestva,рабочий,16,0,0.231775,80
ploshchad_muzhestva,рабочий,16,1,0.256376,80
ploshchad_muzhestva,рабочий,16,2,0.249498,80
ploshchad_muzhestva,рабочий,16,3,0.262352,80
ploshchad_muzhestva,рабочий,17,0,0.252536,80
ploshchad_muzhestva,рабочий,17,1,0.253673,80
ploshchad_muzhestva,рабочий,17,2,0.247037,80
ploshchad_muzhestva,рабочий,17,3,0.246754,80
ploshchad_muzhestva,рабочий,18,0,0.286738,80
ploshchad_muzhestva,рабочий,18,1,0.304688,80
ploshchad_muzhestva,рабочий,18,2,0.228215,80
ploshchad_muzhestva,рабочий,18,3,0.180359,80
ploshchad_muzhestva,рабочий,19,0,0.28629,80
ploshchad_muzhestva,рабочий,19,1,0.267887,80
ploshchad_muzhestva,рабочий,19,2,0.236066,80
ploshchad_muzhestva,рабочий,19,3,0.209757,80
ploshchad_muzhestva,рабочий,20,0,0.294222,80
ploshchad_muzhestva,рабочий,20,1,0.288325,80
ploshchad_muzhestva,рабочий,20,2,0.22171,80
ploshchad_muzhestva,рабочий,20,3,0.195743,80
ploshchad_muzhestva,рабочий,21,0,0.303464,80
ploshchad_muzhestva,рабочий,21,1,0.274645,80
ploshchad_muzhestva,рабочий,21,2,0.229031,80
ploshchad_muzhestva,рабочий,21,3,0.19286,80
ploshchad_muzhestva,рабочий,22,0,0.274772,80
ploshchad_muzhestva,рабочий,22,1,0.280369,80
ploshchad_muzhestva,рабочий,22,2,0.252382,80
ploshchad_muzhestva,рабочий,22,3,0.192477,80
ploshchad_muzhestva,рабочий,23,0,0.321433,80
ploshchad_muzhestva,рабочий,23,1,0.275538,80
ploshchad_muzhestva,рабочий,23,2,0.204019,80
ploshchad_muzhestva,рабочий,23,3,0.19901,80
ploshchad_muzhestva,суббота,0,0,0.646296,16
ploshchad_muzhestva,суббота,0,1,0.264815,16
ploshchad_muzhestva,суббота,0,2,0.088889,16
ploshchad_muzhestva,суббота,0,3,0.0,16
ploshchad_muzhestva,суббота,5,0,0.002521,16
ploshchad_muzhestva,суббота,5,1,0.005042,16
ploshchad_muzhestva,суббота,5,2,0.336134,16
ploshchad_muzhestva,суббота,5,3,0.656303,16
ploshchad_muzhestva,суббота,6,0,0.181461,16
ploshchad_muzhestva,суббота,6,1,0.215356,16
ploshchad_muzhestva,суббота,6,2,0.261236,16
ploshchad_muzhestva,суббота,6,3,0.341948,16
ploshchad_muzhestva,суббота,7,0,0.212083,16
ploshchad_muzhestva,суббота,7,1,0.201385,16
ploshchad_muzhestva,суббота,7,2,0.273338,16
ploshchad_muzhestva,суббота,7,3,0.313195,16
ploshchad_muzhestva,суббота,8,0,0.243415,16
ploshchad_muzhestva,суббота,8,1,0.285703,16
ploshchad_muzhestva,суббота,8,2,0.257775,16
ploshchad_muzhestva,суббота,8,3,0.213107,16
ploshchad_muzhestva,суббота,9,0,0.246757,16
ploshchad_muzhestva,суббота,9,1,0.262244,16
ploshchad_muzhestva,суббота,9,2,0.248958,16
ploshchad_muzhestva,суббота,9,3,0.242041,16
ploshchad_muzhestva,суббота,10,0,0.242442,16
ploshchad_muzhestva,суббота,10,1,0.268035,16
ploshchad_muzhestva,суббота,10,2,0.255057,16
ploshchad_muzhestva,суббота,10,3,0.234467,16
ploshchad_muzhestva,суббота,11,0,0.221261,16
ploshchad_muzhestva,суббота,11,1,0.263199,16
ploshchad_muzhestva,суббота,11,2,0.26619,16
ploshchad_muzhestva,суббота,11,3,0.24935,16
ploshchad_muzhestva,суббота,12,0,0.250384,16
ploshchad_muzhestva,суббота,12,1,0.252968,16
ploshchad_muzhestva,суббота,12,2,0.255921,16
ploshchad_muzhestva,суббота,12,3,0.240726,16
ploshchad_muzhestva,суббота,13,0,0.225266,16
ploshchad_muzhestva,суббота,13,1,0.24966,16
ploshchad_muzhestva,суббота,13,2,0.269017,16
ploshchad_muzhestva,суббота,13,3,0.256056,16
ploshchad_muzhestva,суббота,14,0,0.255158,16
ploshchad_muzhestva,суббота,14,1,0.276195,16
ploshchad_muzhestva,суббота,14,2,0.231636,16
ploshchad_muzhestva,суббота,14,3,0.237011,16
ploshchad_muzhestva,суббота,15,0,0.240606,16
ploshchad_muzhestva,суббота,15,1,0.260476,16
ploshchad_muzhestva,суббота,15,2,0.254815,16
ploshchad_muzhestva,суббота,15,3,0.244103,16
ploshchad_muzhestva,суббота,16,0,0.25185,16
ploshchad_muzhestva,суббота,16,1,0.257544,16
ploshchad_muzhestva,суббота,16,2,0.259252,16
ploshchad_muzhestva,суббота,16,3,0.231353,16
ploshchad_muzhestva,суббота,17,0,0.247151,16
ploshchad_muzhestva,суббота,17,1,0.269119,16
ploshchad_muzhestva,суббота,17,2,0.246012,16
ploshchad_muzhestva,суббота,17,3,0.237718,16
ploshchad_muzhestva,суббота,18,0,0.258722,16
ploshchad_muzhestva,суббота,18,1,0.277197,16
ploshchad_muzhestva,суббота,18,2,0.240389,16
ploshchad_muzhestva,суббота,18,3,0.223691,16
ploshchad_muzhestva,суббота,19,0,0.283574,16
ploshchad_muzhestva,суббота,19,1,0.254522,16
ploshchad_muzhestva,суббота,19,2,0.233236,16
ploshchad_muzhestva,суббота,19,3,0.228668,16
ploshchad_muzhestva,суббота,20,0,0.279299,16
ploshchad_muzhestva,суббота,20,1,0.285522,16
ploshchad_muzhestva,суббота,20,2,0.236051,16
ploshchad_muzhestva,суббота,20,3,0.199129,16
ploshchad_muzhestva,суббота,21,0,0.297746,16
ploshchad_muzhestva,суббота,21,1,0.274694,16
ploshchad_muzhestva,суббота,21,2,0.217128,16
ploshchad_muzhestva,суббота,21,3,0.210431,16
ploshchad_muzhestva,суббота,22,0,0.276862,16
ploshchad_muzhestva,суббота,22,1,0.281978,16
ploshchad_muzhestva,суббота,22,2,0.238014,16
ploshchad_muzhestva,суббота,22,3,0.203146,16
ploshchad_muzhestva,суббота,23,0,0.27596,16
ploshchad_muzhestva,суббота,23,1,0.273898,16
ploshchad_muzhestva,суббота,23,2,0.218758,16
ploshchad_muzhestva,суббота,23,3,0.231384,16
politekhnicheskaya,воскресенье,0,0,0.578059,17
politekhnicheskaya,воскресенье,0,1,0.320675,17
politekhnicheskaya,воскресенье,0,2,0.088608,17
politekhnicheskaya,воскресенье,0,3,0.012658,17
politekhnicheskaya,воскресенье,5,0,0.0,17
politekhnicheskaya,воскресенье,5,1,0.0,17
politekhnicheskaya,воскресенье,5,2,0.28254,17
politekhnicheskaya,воскресенье,5,3,0.71746,17
politekhnicheskaya,воскресенье,6,0,0.179851,17
politekhnicheskaya,воскресенье,6,1,0.281947,17
politekhnicheskaya,воскресенье,6,2,0.257268,17
politekhnicheskaya,воскресенье,6,3,0.280933,17
politekhnicheskaya,воскресенье,7,0,0.2378,17
politekhnicheskaya,воскресенье,7,1,0.270746,17
politekhnicheskaya,воскресенье,7,2,0.229626,17
politekhnicheskaya,воскресенье,7,3,0.261828,17
politekhnicheskaya,воскресенье,8,0,0.25315,17
politekhnicheskaya,воскресенье,8,1,0.252577,17
politekhnicheskaya,воскресенье,8,2,0.23845,17
politekhnicheskaya,воскресенье,8,3,0.255823,17
politekhnicheskaya,воскресенье,9,0,0.229128,17
politekhnicheskaya,воскресенье,9,1,0.291812,17
politekhnicheskaya,воскресенье,9,2,0.240134,17
politekhnicheskaya,воскресенье,9,3,0.238926,17
politekhnicheskaya,воскресенье,10,0,0.218871,17
politekhnicheskaya,воскресенье,10,1,0.259255,17
politekhnicheskaya,воскресенье,10,2,0.254768,17
politekhnicheskaya,воскресенье,10,3,0.267107,17
politekhnicheskaya,воскресенье,11,0,0.245545,17
politekhnicheskaya,воскресенье,11,1,0.28445,17
politekhnicheskaya,воскресенье,11,2,0.238206,17
politekhnicheskaya,воскресенье,11,3,0.2318,17
politekhnicheskaya,воскресенье,12,0,0.227444,17
politekhnicheskaya,воскресенье,12,1,0.266667,17
politekhnicheskaya,воскресенье,12,2,0.251572,17
politekhnicheskaya,воскресенье,12,3,0.254317,17
politekhnicheskaya,воскресенье,13,0,0.23361,17
politekhnicheskaya,воскресенье,13,1,0.292744,17
politekhnicheskaya,воскресенье,13,2,0.256955,17
politekhnicheskaya,воскресенье,13,3,0.216691,17
politekhnicheskaya,воскресенье,14,0,0.273672,17
politekhnicheskaya,воскресенье,14,1,0.268777,17
politekhnicheskaya,воскресенье,14,2,0.239912,17
politekhnicheskaya,воскресенье,14,3,0.217639,17
politekhnicheskaya,воскресенье,15,0,0.25,17
politekhnicheskaya,воскресенье,15,1,0.235042,17
politekhnicheskaya,воскресенье,15,2,0.269358,17
politekhnicheskaya,воскресенье,15,3,0.245601,17
politekhnicheskaya,воскресенье,16,0,0.244379,17
politekhnicheskaya,воскресенье,16,1,0.252266,17
politekhnicheskaya,воскресенье,16,2,0.259564,17
politekhnicheskaya,воскресенье,16,3,0.24379,17
politekhnicheskaya,воскресенье,17,0,0.249488,17
politekhnicheskaya,воскресенье,17,1,0.246111,17
politekhnicheskaya,воскресенье,17,2,0.251176,17
politekhnicheskaya,воскресенье,17,3,0.253226,17
politekhnicheskaya,воскресенье,18,0,0.263882,17
politekhnicheskaya,воскресенье,18,1,0.250386,17
politekhnicheskaya,воскресенье,18,2,0.255656,17
politekhnicheskaya,воскресенье,18,3,0.230077,17
politekhnicheskaya,воскресенье,19,0,0.286846,17
politekhnicheskaya,воскресенье,19,1,0.244532,17
politekhnicheskaya,воскресенье,19,2,0.244691,17
politekhnicheskaya,воскресенье,19,3,0.22393,17
politekhnicheskaya,воскресенье,20,0,0.284815,17
politekhnicheskaya,воскресенье,20,1,0.261467,17
politekhnicheskaya,воскресенье,20,2,0.245239,17
politekhnicheskaya,воскресенье,20,3,0.208478,17
politekhnicheskaya,воскресенье,21,0,0.299562,17
politekhnicheskaya,воскресенье,21,1,0.273989,17
politekhnicheskaya,воскресенье,21,2,0.223088,17
politekhnicheskaya,воскресенье,21,3,0.203361,17
politekhnicheskaya,воскресенье,22,0,0.30087,17
politekhnicheskaya,воскресенье,22,1,0.286261,17
politekhnicheskaya,воскресенье,22,2,0.220174,17
politekhnicheskaya,воскресенье,22,3,0.192696,17
politekhnicheskaya,воскресенье,23,0,0.298788,17
politekhnicheskaya,воскресенье,23,1,0.278788,17
politekhnicheskaya,воскресенье,23,2,0.207879,17
politekhnicheskaya,воскресенье,23,3,0.214545,17
politekhnicheskaya,рабочий,0,0,0.540559,80
politekhnicheskaya,рабочий,0,1,0.333566,80
politekhnicheskaya,рабочий,0,2,0.111888,80
politekhnicheskaya,рабочий,0,3,0.013986,80
politekhnicheskaya,рабочий,5,0,0.001145,80
politekhnicheskaya,рабочий,5,1,0.000617,80
politekhnicheskaya,рабочий,5,2,0.491631,80
politekhnicheskaya,рабочий,5,3,0.506607,80
politekhnicheskaya,рабочий,6,0,0.149838,80
politekhnicheskaya,рабочий,6,1,0.240999,80
politekhnicheskaya,рабочий,6,2,0.262544,80
politekhnicheskaya,рабочий,6,3,0.346619,80
politekhnicheskaya,рабочий,7,0,0.18949,80
politekhnicheskaya,рабочий,7,1,0.214855,80
politekhnicheskaya,рабочий,7,2,0.272139,80
politekhnicheskaya,рабочий,7,3,0.323517,80
politekhnicheskaya,рабочий,8,0,0.28713,80
politekhnicheskaya,рабочий,8,1,0.277411,80
politekhnicheskaya,рабочий,8,2,0.237555,80
politekhnicheskaya,рабочий,8,3,0.197904,80
politekhnicheskaya,рабочий,9,0,0.291374,80
politekhnicheskaya,рабочий,9,1,0.277303,80
politekhnicheskaya,рабочий,9,2,0.23258,80
politekhnicheskaya,рабочий,9,3,0.198743,80
politekhnicheskaya,рабочий,10,0,0.273631,80
politekhnicheskaya,рабочий,10,1,0.268545,80
politekhnicheskaya,рабочий,10,2,0.235573,80
politekhnicheskaya,рабочий,10,3,0.222251,80
politekhnicheskaya,рабочий,11,0,0.225834,80
politekhnicheskaya,рабочий,11,1,0.235954,80
politekhnicheskaya,рабочий,11,2,0.271636,80
politekhnicheskaya,рабочий,11,3,0.266576,80
politekhnicheskaya,рабочий,12,0,0.251896,80
politekhnicheskaya,рабочий,12,1,0.241543,80
politekhnicheskaya,рабочий,12,2,0.247331,80
politekhnicheskaya,рабочий,12,3,0.259231,80
politekhnicheskaya,рабочий,13,0,0.18575,80
politekhnicheskaya,рабочий,13,1,0.210542,80
politekhnicheskaya,рабочий,13,2,0.301004,80
politekhnicheskaya,рабочий,13,3,0.302705,80
politekhnicheskaya,рабочий,14,0,0.259984,80
politekhnicheskaya,рабочий,14,1,0.259059,80
politekhnicheskaya,рабочий,14,2,0.225524,80
politekhnicheskaya,рабочий,14,3,0.255433,80
politekhnicheskaya,рабочий,15,0,0.180236,80
politekhnicheskaya,рабочий,15,1,0.197773,80
politekhnicheskaya,рабочий,15,2,0.314019,80
politekhnicheskaya,рабочий,15,3,0.307973,80
politekhnicheskaya,рабочий,16,0,0.227728,80
politekhnicheskaya,рабочий,16,1,0.241577,80
politekhnicheskaya,рабочий,16,2,0.273939,80
politekhnicheskaya,рабочий,16,3,0.256756,80
politekhnicheskaya,рабочий,17,0,0.221006,80
politekhnicheskaya,рабочий,17,1,0.260544,80
politekhnicheskaya,рабочий,17,2,0.280893,80
politekhnicheskaya,рабочий,17,3,0.237557,80
politekhnicheskaya,рабочий,18,0,0.317587,80
politekhnicheskaya,рабочий,18,1,0.280441,80
politekhnicheskaya,рабочий,18,2,0.217185,80
politekhnicheskaya,рабочий,18,3,0.184788,80
politekhnicheskaya,рабочий,19,0,0.278117,79
politekhnicheskaya,рабочий,19,1,0.268897,79
politekhnicheskaya,рабочий,19,2,0.243701,79
politekhnicheskaya,рабочий,19,3,0.209285,79
politekhnicheskaya,рабочий,20,0,0.30533,79
politekhnicheskaya,рабочий,20,1,0.257416,79
politekhnicheskaya,рабочий,20,2,0.224434,79
politekhnicheskaya,рабочий,20,3,0.21282,79
politekhnicheskaya,рабочий,21,0,0.282193,80
politekhnicheskaya,рабочий,21,1,0.300113,80
politekhnicheskaya,рабочий,21,2,0.236698,80
politekhnicheskaya,рабочий,21,3,0.180996,80
politekhnicheskaya,рабочий,22,0,0.292947,80
politekhnicheskaya,рабочий,22,1,0.276819,80
politekhnicheskaya,рабочий,22,2,0.236654,80
politekhnicheskaya,рабочий,22,3,0.19358,80
politekhnicheskaya,рабочий,23,0,0.317389,80
politekhnicheskaya,рабочий,23,1,0.278385,80
politekhnicheskaya,рабочий,23,2,0.193335,80
politekhnicheskaya,рабочий,23,3,0.210892,80
politekhnicheskaya,суббота,0,0,0.669565,16
politekhnicheskaya,суббота,0,1,0.23913,16
politekhnicheskaya,суббота,0,2,0.086957,16
politekhnicheskaya,суббота,0,3,0.004348,16
politekhnicheskaya,суббота,5,0,0.00611,16
politekhnicheskaya,суббота,5,1,0.003055,16
politekhnicheskaya,суббота,5,2,0.244399,16
politekhnicheskaya,суббота,5,3,0.746436,16
politekhnicheskaya,суббота,6,0,0.185567,16
politekhnicheskaya,суббота,6,1,0.279859,16
politekhnicheskaya,суббота,6,2,0.24692,16
politekhnicheskaya,суббота,6,3,0.287654,16
politekhnicheskaya,суббота,7,0,0.165705,16
politekhnicheskaya,суббота,7,1,0.179602,16
politekhnicheskaya,суббота,7,2,0.351549,16
politekhnicheskaya,суббота,7,3,0.303145,16
politekhnicheskaya,суббота,8,0,0.257656,16
politekhnicheskaya,суббота,8,1,0.267589,16
politekhnicheskaya,суббота,8,2,0.229987,16
politekhnicheskaya,суббота,8,3,0.244768,16
politekhnicheskaya,суббота,9,0,0.257975,16
politekhnicheskaya,суббота,9,1,0.266089,16
politekhnicheskaya,суббота,9,2,0.240636,16
politekhnicheskaya,суббота,9,3,0.235301,16
politekhnicheskaya,суббота,10,0,0.257506,16
politekhnicheskaya,суббота,10,1,0.267374,16
politekhnicheskaya,суббота,10,2,0.246798,16
politekhnicheskaya,суббота,10,3,0.228322,16
politekhnicheskaya,суббота,11,0,0.196269,16
politekhnicheskaya,суббота,11,1,0.215482,16
politekhnicheskaya,суббота,11,2,0.304927,16
politekhnicheskaya,суббота,11,3,0.283323,16
politekhnicheskaya,суббота,12,0,0.247929,16
politekhnicheskaya,суббота,12,1,0.232001,16
politekhnicheskaya,суббота,12,2,0.250478,16
politekhnicheskaya,суббота,12,3,0.269591,16
politekhnicheskaya,суббота,13,0,0.187697,16
politekhnicheskaya,суббота,13,1,0.21224,16
politekhnicheskaya,суббота,13,2,0.331546,16
politekhnicheskaya,суббота,13,3,0.268517,16
politekhnicheskaya,суббота,14,0,0.269598,16
politekhnicheskaya,суббота,14,1,0.265558,16
politekhnicheskaya,суббота,14,2,0.228576,16
politekhnicheskaya,суббота,14,3,0.236268,16
politekhnicheskaya,суббота,15,0,0.229047,16
politekhnicheskaya,суббота,15,1,0.226145,16
politekhnicheskaya,суббота,15,2,0.287985,16
politekhnicheskaya,суббота,15,3,0.256823,16
politekhnicheskaya,суббота,16,0,0.259124,16
politekhnicheskaya,суббота,16,1,0.248175,16
politekhnicheskaya,суббота,16,2,0.246573,16
politekhnicheskaya,суббота,16,3,0.246128,16
politekhnicheskaya,суббота,17,0,0.229937,16
politekhnicheskaya,суббота,17,1,0.246753,16
politekhnicheskaya,суббота,17,2,0.2664,16
politekhnicheskaya,суббота,17,3,0.25691,16
politekhnicheskaya,суббота,18,0,0.286297,16
politekhnicheskaya,суббота,18,1,0.259289,16
politekhnicheskaya,суббота,18,2,0.239714,16
politekhnicheskaya,суббота,18,3,0.2147,16
politekhnicheskaya,суббота,19,0,0.270637,16
politekhnicheskaya,суббота,19,1,0.278866,16
politekhnicheskaya,суббота,19,2,0.238898,16
politekhnicheskaya,суббота,19,3,0.211599,16
politekhnicheskaya,суббота,20,0,0.280712,16
politekhnicheskaya,суббота,20,1,0.288091,16
politekhnicheskaya,суббота,20,2,0.235132,16
politekhnicheskaya,суббота,20,3,0.196064,16
politekhnicheskaya,суббота,21,0,0.26614,16
politekhnicheskaya,суббота,21,1,0.281573,16
politekhnicheskaya,суббота,21,2,0.244683,16
politekhnicheskaya,суббота,21,3,0.207604,16
politekhnicheskaya,суббота,22,0,0.299475,16
politekhnicheskaya,суббота,22,1,0.301226,16
politekhnicheskaya,суббота,22,2,0.216871,16
politekhnicheskaya,суббота,22,3,0.182428,16
politekhnicheskaya,суббота,23,0,0.312139,16
politekhnicheskaya,суббота,23,1,0.25959,16
politekhnicheskaya,суббота,23,2,0.211771,16
politekhnicheskaya,суббота,23,3,0.2165,16
prospekt_veteranov,воскресенье,5,0,0.013353,17
prospekt_veteranov,воскресенье,5,1,0.010432,17
prospekt_veteranov,воскресенье,5,2,0.496766,17
prospekt_veteranov,воскресенье,5,3,0.479449,17
prospekt_veteranov,воскресенье,6,0,0.175221,17
prospekt_veteranov,воскресенье,6,1,0.218576,17
prospekt_veteranov,воскресенье,6,2,0.274892,17
prospekt_veteranov,воскресенье,6,3,0.33131,17
prospekt_veteranov,воскресенье,7,0,0.24521,17
prospekt_veteranov,воскресенье,7,1,0.226624,17
prospekt_veteranov,воскресенье,7,2,0.247295,17
prospekt_veteranov,воскресенье,7,3,0.280871,17
prospekt_veteranov,воскресенье,8,0,0.236038,17
prospekt_veteranov,воскресенье,8,1,0.246982,17
prospekt_veteranov,воскресенье,8,2,0.240171,17
prospekt_veteranov,воскресенье,8,3,0.27681,17
prospekt_veteranov,воскресенье,9,0,0.262151,17
prospekt_veteranov,воскресенье,9,1,0.25696,17
prospekt_veteranov,воскресенье,9,2,0.243134,17
prospekt_veteranov,воскресенье,9,3,0.237755,17
prospekt_veteranov,воскресенье,10,0,0.248451,17
prospekt_veteranov,воскресенье,10,1,0.259495,17
prospekt_veteranov,воскресенье,10,2,0.237592,17
prospekt_veteranov,воскресенье,10,3,0.254463,17
prospekt_veteranov,воскресенье,11,0,0.260616,17
prospekt_veteranov,воскресенье,11,1,0.250062,17
prospekt_veteranov,воскресенье,11,2,0.245756,17
prospekt_veteranov,воскресенье,11,3,0.243565,17
prospekt_veteranov,воскресенье,12,0,0.249206,17
prospekt_veteranov,воскресенье,12,1,0.248069,17
prospekt_veteranov,воскресенье,12,2,0.247073,17
prospekt_veteranov,воскресенье,12,3,0.255652,17
prospekt_veteranov,воскресенье,13,0,0.249422,17
prospekt_veteranov,воскресенье,13,1,0.252013,17
prospekt_veteranov,воскресенье,13,2,0.260248,17
prospekt_veteranov,воскресенье,13,3,0.238318,17
prospekt_veteranov,воскресенье,14,0,0.263446,17
prospekt_veteranov,воскресенье,14,1,0.264685,17
prospekt_veteranov,воскресенье,14,2,0.230927,17
prospekt_veteranov,воскресенье,14,3,0.240941,17
prospekt_veteranov,воскресенье,15,0,0.252466,17
prospekt_veteranov,воскресенье,15,1,0.253632,17
prospekt_veteranov,воскресенье,15,2,0.242276,17
prospekt_veteranov,воскресенье,15,3,0.251626,17
prospekt_veteranov,воскресенье,16,0,0.245824,17
prospekt_veteranov,воскресенье,16,1,0.253332,17
prospekt_veteranov,воскресенье,16,2,0.251237,17
prospekt_veteranov,воскресенье,16,3,0.249607,17
prospekt_veteranov,воскресенье,17,0,0.253752,17
prospekt_veteranov,воскресенье,17,1,0.255603,17
prospekt_veteranov,воскресенье,17,2,0.242958,17
prospekt_veteranov,воскресенье,17,3,0.247686,17
prospekt_veteranov,воскресенье,18,0,0.274479,17
prospekt_veteranov,воскресенье,18,1,0.249526,17
prospekt_veteranov,воскресенье,18,2,0.242831,17
prospekt_veteranov,воскресенье,18,3,0.233163,17
prospekt_veteranov,воскресенье,19,0,0.282901,17
prospekt_veteranov,воскресенье,19,1,0.252875,17
prospekt_veteranov,воскресенье,19,2,0.235885,17
prospekt_veteranov,воскресенье,19,3,0.228339,17
prospekt_veteranov,воскресенье,20,0,0.261185,17
prospekt_veteranov,воскресенье,20,1,0.255195,17
prospekt_veteranov,воскресенье,20,2,0.243308,17
prospekt_veteranov,воскресенье,20,3,0.240313,17
prospekt_veteranov,воскресенье,21,0,0.315978,17
prospekt_veteranov,воскресенье,21,1,0.255115,17
prospekt_veteranov,воскресенье,21,2,0.229245,17
prospekt_veteranov,воскресенье,21,3,0.199661,17
prospekt_veteranov,воскресенье,22,0,0.285896,17
prospekt_veteranov,воскресенье,22,1,0.281984,17
prospekt_veteranov,воскресенье,22,2,0.229964,17
prospekt_veteranov,воскресенье,22,3,0.202157,17
prospekt_veteranov,воскресенье,23,0,0.30403,17
prospekt_veteranov,воскресенье,23,1,0.26373,17
prospekt_veteranov,воскресенье,23,2,0.230178,17
prospekt_veteranov,воскресенье,23,3,0.202062,17
prospekt_veteranov,рабочий,0,0,0.557505,80
prospekt_veteranov,рабочий,0,1,0.254386,80
prospekt_veteranov,рабочий,0,2,0.078947,80
prospekt_veteranov,рабочий,0,3,0.109162,80
prospekt_veteranov,рабочий,5,0,0.004183,80
prospekt_veteranov,рабочий,5,1,0.00294,80
prospekt_veteranov,рабочий,5,2,0.442473,80
prospekt_veteranov,рабочий,5,3,0.550405,80
prospekt_veteranov,рабочий,6,0,0.159979,80
prospekt_veteranov,рабочий,6,1,0.23007,80
prospekt_veteranov,рабочий,6,2,0.264645,80
prospekt_veteranov,рабочий,6,3,0.345305,80
prospekt_veteranov,рабочий,7,0,0.219364,80
prospekt_veteranov,рабочий,7,1,0.225827,80
prospekt_veteranov,рабочий,7,2,0.255912,80
prospekt_veteranov,рабочий,7,3,0.298898,80
prospekt_veteranov,рабочий,8,0,0.294038,80
prospekt_veteranov,рабочий,8,1,0.276026,80
prospekt_veteranov,рабочий,8,2,0.230234,80
prospekt_veteranov,рабочий,8,3,0.199703,80
prospekt_veteranov,рабочий,9,0,0.301723,80
prospekt_veteranov,рабочий,9,1,0.27969,80
prospekt_veteranov,рабочий,9,2,0.223856,80
prospekt_veteranov,рабочий,9,3,0.194731,80
prospekt_veteranov,рабочий,10,0,0.285386,80
prospekt_veteranov,рабочий,10,1,0.268679,80
prospekt_veteranov,рабочий,10,2,0.226609,80
prospekt_veteranov,рабочий,10,3,0.219326,80
prospekt_veteranov,рабочий,11,0,0.277002,80
prospekt_veteranov,рабочий,11,1,0.251477,80
prospekt_veteranov,рабочий,11,2,0.236939,80
prospekt_veteranov,рабочий,11,3,0.234582,80
prospekt_veteranov,рабочий,12,0,0.252825,80
prospekt_veteranov,рабочий,12,1,0.248779,80
prospekt_veteranov,рабочий,12,2,0.246411,80
prospekt_veteranov,рабочий,12,3,0.251984,80
prospekt_veteranov,рабочий,13,0,0.251948,80
prospekt_veteranov,рабочий,13,1,0.256782,80
prospekt_veteranov,рабочий,13,2,0.254444,80
prospekt_veteranov,рабочий,13,3,0.236825,80
prospekt_veteranov,рабочий,14,0,0.259136,80
prospekt_veteranov,рабочий,14,1,0.268776,80
prospekt_veteranov,рабочий,14,2,0.232913,80
prospekt_veteranov,рабочий,14,3,0.239175,80
prospekt_veteranov,рабочий,15,0,0.250921,80
prospekt_veteranov,рабочий,15,1,0.245833,80
prospekt_veteranov,рабочий,15,2,0.245748,80
prospekt_veteranov,рабочий,15,3,0.257498,80
prospekt_veteranov,рабочий,16,0,0.233197,80
prospekt_veteranov,рабочий,16,1,0.249189,80
prospekt_veteranov,рабочий,16,2,0.259469,80
prospekt_veteranov,рабочий,16,3,0.258146,80
prospekt_veteranov,рабочий,17,0,0.240068,80
prospekt_veteranov,рабочий,17,1,0.249942,80
prospekt_veteranov,рабочий,17,2,0.256887,80
prospekt_veteranov,рабочий,17,3,0.253103,80
prospekt_veteranov,рабочий,18,0,0.276535,80
prospekt_veteranov,рабочий,18,1,0.257959,80
prospekt_veteranov,рабочий,18,2,0.24223,80
prospekt_veteranov,рабочий,18,3,0.223276,80
prospekt_veteranov,рабочий,19,0,0.292758,80
prospekt_veteranov,рабочий,19,1,0.269468,80
prospekt_veteranov,рабочий,19,2,0.228957,80
prospekt_veteranov,рабочий,19,3,0.208817,80
prospekt_veteranov,рабочий,20,0,0.269387,80
prospekt_veteranov,рабочий,20,1,0.257728,80
prospekt_veteranov,рабочий,20,2,0.237905,80
prospekt_veteranov,рабочий,20,3,0.23498,80
prospekt_veteranov,рабочий,21,0,0.317727,80
prospekt_veteranov,рабочий,21,1,0.256177,80
prospekt_veteranov,рабочий,21,2,0.228325,80
prospekt_veteranov,рабочий,21,3,0.197771,80
prospekt_veteranov,рабочий,22,0,0.2762,80
prospekt_veteranov,рабочий,22,1,0.272515,80
prospekt_veteranov,рабочий,22,2,0.243852,80
prospekt_veteranov,рабочий,22,3,0.207433,80
prospekt_veteranov,рабочий,23,0,0.318999,80
prospekt_veteranov,рабочий,23,1,0.262083,80
prospekt_veteranov,рабочий,23,2,0.227256,80
prospekt_veteranov,рабочий,23,3,0.191661,80
prospekt_veteranov,суббота,0,0,0.613169,16
prospekt_veteranov,суббота,0,1,0.201646,16
prospekt_veteranov,суббота,0,2,0.08642,16
prospekt_veteranov,суббота,0,3,0.098765,16
prospekt_veteranov,суббота,5,0,0.009515,16
prospekt_veteranov,суббота,5,1,0.009213,16
prospekt_veteranov,суббота,5,2,0.478478,16
prospekt_veteranov,суббота,5,3,0.502794,16
prospekt_veteranov,суббота,6,0,0.190218,16
prospekt_veteranov,суббота,6,1,0.225515,16
prospekt_veteranov,суббота,6,2,0.269341,16
prospekt_veteranov,суббота,6,3,0.314926,16
prospekt_veteranov,суббота,7,0,0.236814,16
prospekt_veteranov,суббота,7,1,0.227469,16
prospekt_veteranov,суббота,7,2,0.242165,16
prospekt_veteranov,суббота,7,3,0.293552,16
prospekt_veteranov,суббота,8,0,0.26211,16
prospekt_veteranov,суббота,8,1,0.248838,16
prospekt_veteranov,суббота,8,2,0.235398,16
prospekt_veteranov,суббота,8,3,0.253654,16
prospekt_veteranov,суббота,9,0,0.278185,16
prospekt_veteranov,суббота,9,1,0.25349,16
prospekt_veteranov,суббота,9,2,0.232388,16
prospekt_veteranov,суббота,9,3,0.235937,16
prospekt_veteranov,суббота,10,0,0.256448,16
prospekt_veteranov,суббота,10,1,0.265837,16
prospekt_veteranov,суббота,10,2,0.236756,16
prospekt_veteranov,суббота,10,3,0.240959,16
prospekt_veteranov,суббота,11,0,0.264733,16
prospekt_veteranov,суббота,11,1,0.246247,16
prospekt_veteranov,суббота,11,2,0.247342,16
prospekt_veteranov,суббота,11,3,0.241678,16
prospekt_veteranov,суббота,12,0,0.246517,16
prospekt_veteranov,суббота,12,1,0.244781,16
prospekt_veteranov,суббота,12,2,0.250834,16
prospekt_veteranov,суббота,12,3,0.257869,16
prospekt_veteranov,суббота,13,0,0.246442,16
prospekt_veteranov,суббота,13,1,0.253637,16
prospekt_veteranov,суббота,13,2,0.257224,16
prospekt_veteranov,суббота,13,3,0.242697,16
prospekt_veteranov,суббота,14,0,0.260108,16
prospekt_veteranov,суббота,14,1,0.266058,16
prospekt_veteranov,суббота,14,2,0.236121,16
prospekt_veteranov,суббота,14,3,0.237714,16
prospekt_veteranov,суббота,15,0,0.254021,16
prospekt_veteranov,суббота,15,1,0.251389,16
prospekt_veteranov,суббота,15,2,0.238493,16
prospekt_veteranov,суббота,15,3,0.256098,16
prospekt_veteranov,суббота,16,0,0.251642,16
prospekt_veteranov,суббота,16,1,0.255257,16
prospekt_veteranov,суббота,16,2,0.242603,16
prospekt_veteranov,суббота,16,3,0.250498,16
prospekt_veteranov,суббота,17,0,0.245893,16
prospekt_veteranov,суббота,17,1,0.254839,16
prospekt_veteranov,суббота,17,2,0.246639,16
prospekt_veteranov,суббота,17,3,0.252629,16
prospekt_veteranov,суббота,18,0,0.271757,16
prospekt_veteranov,суббота,18,1,0.26188,16
prospekt_veteranov,суббота,18,2,0.238915,16
prospekt_veteranov,суббота,18,3,0.227448,16
prospekt_veteranov,суббота,19,0,0.27725,16
prospekt_veteranov,суббота,19,1,0.25141,16
prospekt_veteranov,суббота,19,2,0.240246,16
prospekt_veteranov,суббота,19,3,0.231094,16
prospekt_veteranov,суббота,20,0,0.260701,16
prospekt_veteranov,суббота,20,1,0.2509,16
prospekt_veteranov,суббота,20,2,0.239869,16
prospekt_veteranov,суббота,20,3,0.24853,16
prospekt_veteranov,суббота,21,0,0.302651,16
prospekt_veteranov,суббота,21,1,0.251442,16
prospekt_veteranov,суббота,21,2,0.232644,16
prospekt_veteranov,суббота,21,3,0.213262,16
prospekt_veteranov,суббота,22,0,0.282892,16
prospekt_veteranov,суббота,22,1,0.264915,16
prospekt_veteranov,суббота,22,2,0.242691,16
prospekt_veteranov,суббота,22,3,0.209502,16
prospekt_veteranov,суббота,23,0,0.283318,16
prospekt_veteranov,суббота,23,1,0.253636,16
prospekt_veteranov,суббота,23,2,0.24577,16
prospekt_veteranov,суббота,23,3,0.217275,16
pushkinskaya,воскресенье,0,0,0.731003,17
pushkinskaya,воскресенье,0,1,0.261398,17
pushkinskaya,воскресенье,0,2,0.00304,17
pushkinskaya,воскресенье,0,3,0.004559,17
pushkinskaya,воскресенье,5,0,0.0,17
pushkinskaya,воскресенье,5,1,0.001642,17
pushkinskaya,воскресенье,5,2,0.472906,17
pushkinskaya,воскресенье,5,3,0.525452,17
pushkinskaya,воскресенье,6,0,0.106811,17
pushkinskaya,воскресенье,6,1,0.26205,17
pushkinskaya,воскресенье,6,2,0.187825,17
pushkinskaya,воскресенье,6,3,0.443313,17
pushkinskaya,воскресенье,7,0,0.294616,17
pushkinskaya,воскресенье,7,1,0.180883,17
pushkinskaya,воскресенье,7,2,0.20125,17
pushkinskaya,воскресенье,7,3,0.323251,17
pushkinskaya,воскресенье,8,0,0.131728,17
pushkinskaya,воскресенье,8,1,0.404951,17
pushkinskaya,воскресенье,8,2,0.240631,17
pushkinskaya,воскресенье,8,3,0.222689,17
pushkinskaya,воскресенье,9,0,0.224276,17
pushkinskaya,воскресенье,9,1,0.344788,17
pushkinskaya,воскресенье,9,2,0.203852,17
pushkinskaya,воскресенье,9,3,0.227084,17
pushkinskaya,воскресенье,10,0,0.324786,17
pushkinskaya,воскресенье,10,1,0.310376,17
pushkinskaya,воскресенье,10,2,0.19678,17
pushkinskaya,воскресенье,10,3,0.168058,17
pushkinskaya,воскресенье,11,0,0.27061,17
pushkinskaya,воскресенье,11,1,0.200123,17
pushkinskaya,воскресенье,11,2,0.178681,17
pushkinskaya,воскресенье,11,3,0.350585,17
pushkinskaya,воскресенье,12,0,0.247719,17
pushkinskaya,воскресенье,12,1,0.221491,17
pushkinskaya,воскресенье,12,2,0.315351,17
pushkinskaya,воскресенье,12,3,0.215439,17
pushkinskaya,воскресенье,13,0,0.207657,17
pushkinskaya,воскресенье,13,1,0.386576,17
pushkinskaya,воскресенье,13,2,0.197346,17
pushkinskaya,воскресенье,13,3,0.208421,17
pushkinskaya,воскресенье,14,0,0.327751,17
pushkinskaya,воскресенье,14,1,0.313588,17
pushkinskaya,воскресенье,14,2,0.17529,17
pushkinskaya,воскресенье,14,3,0.183371,17
pushkinskaya,воскресенье,15,0,0.310847,17
pushkinskaya,воскресенье,15,1,0.185275,17
pushkinskaya,воскресенье,15,2,0.265387,17
pushkinskaya,воскресенье,15,3,0.238492,17
pushkinskaya,воскресенье,16,0,0.312246,17
pushkinskaya,воскресенье,16,1,0.207571,17
pushkinskaya,воскресенье,16,2,0.205237,17
pushkinskaya,воскресенье,16,3,0.274946,17
pushkinskaya,воскресенье,17,0,0.19579,17
pushkinskaya,воскресенье,17,1,0.143363,17
pushkinskaya,воскресенье,17,2,0.372441,17
pushkinskaya,воскресенье,17,3,0.288407,17
pushkinskaya,воскресенье,18,0,0.237644,17
pushkinskaya,воскресенье,18,1,0.173495,17
pushkinskaya,воскресенье,18,2,0.282646,17
pushkinskaya,воскресенье,18,3,0.306216,17
pushkinskaya,воскресенье,19,0,0.329016,17
pushkinskaya,воскресенье,19,1,0.239218,17
pushkinskaya,воскресенье,19,2,0.245632,17
pushkinskaya,воскресенье,19,3,0.186133,17
pushkinskaya,воскресенье,20,0,0.220409,17
pushkinskaya,воскресенье,20,1,0.284811,17
pushkinskaya,воскресенье,20,2,0.231353,17
pushkinskaya,воскресенье,20,3,0.263428,17
pushkinskaya,воскресенье,21,0,0.351975,17
pushkinskaya,воскресенье,21,1,0.27813,17
pushkinskaya,воскресенье,21,2,0.166804,17
pushkinskaya,воскресенье,21,3,0.203091,17
pushkinskaya,воскресенье,22,0,0.267292,17
pushkinskaya,воскресенье,22,1,0.319074,17
pushkinskaya,воскресенье,22,2,0.260538,17
pushkinskaya,воскресенье,22,3,0.153096,17
pushkinskaya,воскресенье,23,0,0.377761,17
pushkinskaya,воскресенье,23,1,0.281867,17
pushkinskaya,воскресенье,23,2,0.167764,17
pushkinskaya,воскресенье,23,3,0.172608,17
pushkinskaya,рабочий,0,0,0.69558,80
pushkinskaya,рабочий,0,1,0.29013,80
pushkinskaya,рабочий,0,2,0.010635,80
pushkinskaya,рабочий,0,3,0.003656,80
pushkinskaya,рабочий,5,0,0.00316,80
pushkinskaya,рабочий,5,1,0.002011,80
pushkinskaya,рабочий,5,2,0.52054,80
pushkinskaya,рабочий,5,3,0.474289,80
pushkinskaya,рабочий,6,0,0.081499,80
pushkinskaya,рабочий,6,1,0.204591,80
pushkinskaya,рабочий,6,2,0.209779,80
pushkinskaya,рабочий,6,3,0.504131,80
pushkinskaya,рабочий,7,0,0.206632,80
pushkinskaya,рабочий,7,1,0.187636,80
pushkinskaya,рабочий,7,2,0.241672,80
pushkinskaya,рабочий,7,3,0.364061,80
pushkinskaya,рабочий,8,0,0.248558,80
pushkinskaya,рабочий,8,1,0.309655,80
pushkinskaya,рабочий,8,2,0.238185,80
pushkinskaya,рабочий,8,3,0.203602,80
pushkinskaya,рабочий,9,0,0.230437,80
pushkinskaya,рабочий,9,1,0.319859,80
pushkinskaya,рабочий,9,2,0.240989,80
pushkinskaya,рабочий,9,3,0.208716,80
pushkinskaya,рабочий,10,0,0.306613,80
pushkinskaya,рабочий,10,1,0.2771,80
pushkinskaya,рабочий,10,2,0.223618,80
pushkinskaya,рабочий,10,3,0.192669,80
pushkinskaya,рабочий,11,0,0.316551,80
pushkinskaya,рабочий,11,1,0.170733,80
pushkinskaya,рабочий,11,2,0.180028,80
pushkinskaya,рабочий,11,3,0.332688,80
pushkinskaya,рабочий,12,0,0.237489,80
pushkinskaya,рабочий,12,1,0.218739,80
pushkinskaya,рабочий,12,2,0.31511,80
pushkinskaya,рабочий,12,3,0.228663,80
pushkinskaya,рабочий,13,0,0.261562,80
pushkinskaya,рабочий,13,1,0.274277,80
pushkinskaya,рабочий,13,2,0.239758,80
pushkinskaya,рабочий,13,3,0.224403,80
pushkinskaya,рабочий,14,0,0.23602,80
pushkinskaya,рабочий,14,1,0.250143,80
pushkinskaya,рабочий,14,2,0.228996,80
pushkinskaya,рабочий,14,3,0.284841,80
pushkinskaya,рабочий,15,0,0.305854,80
pushkinskaya,рабочий,15,1,0.193174,80
pushkinskaya,рабочий,15,2,0.224654,80
pushkinskaya,рабочий,15,3,0.276318,80
pushkinskaya,рабочий,16,0,0.270906,80
pushkinskaya,рабочий,16,1,0.220985,80
pushkinskaya,рабочий,16,2,0.240609,80
pushkinskaya,рабочий,16,3,0.267499,80
pushkinskaya,рабочий,17,0,0.241631,80
pushkinskaya,рабочий,17,1,0.190829,80
pushkinskaya,рабочий,17,2,0.318984,80
pushkinskaya,рабочий,17,3,0.248555,80
pushkinskaya,рабочий,18,0,0.370483,80
pushkinskaya,рабочий,18,1,0.223275,80
pushkinskaya,рабочий,18,2,0.211882,80
pushkinskaya,рабочий,18,3,0.19436,80
pushkinskaya,рабочий,19,0,0.308079,80
pushkinskaya,рабочий,19,1,0.264427,80
pushkinskaya,рабочий,19,2,0.229058,80
pushkinskaya,рабочий,19,3,0.198436,80
pushkinskaya,рабочий,20,0,0.268855,80
pushkinskaya,рабочий,20,1,0.262093,80
pushkinskaya,рабочий,20,2,0.238042,80
pushkinskaya,рабочий,20,3,0.23101,80
pushkinskaya,рабочий,21,0,0.318435,80
pushkinskaya,рабочий,21,1,0.275314,80
pushkinskaya,рабочий,21,2,0.200345,80
pushkinskaya,рабочий,21,3,0.205906,80
pushkinskaya,рабочий,22,0,0.318049,80
pushkinskaya,рабочий,22,1,0.26447,80
pushkinskaya,рабочий,22,2,0.251009,80
pushkinskaya,рабочий,22,3,0.166472,80
pushkinskaya,рабочий,23,0,0.343578,80
pushkinskaya,рабочий,23,1,0.260308,80
pushkinskaya,рабочий,23,2,0.211838,80
pushkinskaya,рабочий,23,3,0.184275,80
pushkinskaya,суббота,0,0,0.658405,16
pushkinskaya,суббота,0,1,0.340517,16
pushkinskaya,суббота,0,2,0.0,16
pushkinskaya,суббота,0,3,0.001078,16
pushkinskaya,суббота,5,0,0.025391,16
pushkinskaya,суббота,5,1,0.027344,16
pushkinskaya,суббота,5,2,0.464844,16
pushkinskaya,суббота,5,3,0.482422,16
pushkinskaya,суббота,6,0,0.074561,16
pushkinskaya,суббота,6,1,0.235965,16
pushkinskaya,суббота,6,2,0.161579,16
pushkinskaya,суббота,6,3,0.527895,16
pushkinskaya,суббота,7,0,0.284452,16
pushkinskaya,суббота,7,1,0.171638,16
pushkinskaya,суббота,7,2,0.212925,16
pushkinskaya,суббота,7,3,0.330986,16
pushkinskaya,суббота,8,0,0.15053,16
pushkinskaya,суббота,8,1,0.407322,16
pushkinskaya,суббота,8,2,0.220896,16
pushkinskaya,суббота,8,3,0.221252,16
pushkinskaya,суббота,9,0,0.179164,16
pushkinskaya,суббота,9,1,0.362221,16
pushkinskaya,суббота,9,2,0.202725,16
pushkinskaya,суббота,9,3,0.25589,16
pushkinskaya,суббота,10,0,0.300808,16
pushkinskaya,суббота,10,1,0.290665,16
pushkinskaya,суббота,10,2,0.201916,16
pushkinskaya,суббота,10,3,0.206612,16
pushkinskaya,суббота,11,0,0.319374,16
pushkinskaya,суббота,11,1,0.164471,16
pushkinskaya,суббота,11,2,0.190926,16
pushkinskaya,суббота,11,3,0.325228,16
pushkinskaya,суббота,12,0,0.245234,16
pushkinskaya,суббота,12,1,0.227126,16
pushkinskaya,суббота,12,2,0.289371,16
pushkinskaya,суббота,12,3,0.238269,16
pushkinskaya,суббота,13,0,0.233136,16
pushkinskaya,суббота,13,1,0.325528,16
pushkinskaya,суббота,13,2,0.221386,16
pushkinskaya,суббота,13,3,0.219949,16
pushkinskaya,суббота,14,0,0.292769,16
pushkinskaya,суббота,14,1,0.259,16
pushkinskaya,суббота,14,2,0.186692,16
pushkinskaya,суббота,14,3,0.261538,16
pushkinskaya,суббота,15,0,0.273307,16
pushkinskaya,суббота,15,1,0.195513,16
pushkinskaya,суббота,15,2,0.264115,16
pushkinskaya,суббота,15,3,0.267065,16
pushkinskaya,суббота,16,0,0.286359,16
pushkinskaya,суббота,16,1,0.231635,16
pushkinskaya,суббота,16,2,0.228358,16
pushkinskaya,суббота,16,3,0.253648,16
pushkinskaya,суббота,17,0,0.206948,16
pushkinskaya,суббота,17,1,0.168939,16
pushkinskaya,суббота,17,2,0.316221,16
pushkinskaya,суббота,17,3,0.307892,16
pushkinskaya,суббота,18,0,0.267736,16
pushkinskaya,суббота,18,1,0.18482,16
pushkinskaya,суббота,18,2,0.267947,16
pushkinskaya,суббота,18,3,0.279498,16
pushkinskaya,суббота,19,0,0.291783,16
pushkinskaya,суббота,19,1,0.241377,16
pushkinskaya,суббота,19,2,0.229964,16
pushkinskaya,суббота,19,3,0.236875,16
pushkinskaya,суббота,20,0,0.237991,16
pushkinskaya,суббота,20,1,0.242897,16
pushkinskaya,суббота,20,2,0.262451,16
pushkinskaya,суббота,20,3,0.25666,16
pushkinskaya,суббота,21,0,0.299215,16
pushkinskaya,суббота,21,1,0.288496,16
pushkinskaya,суббота,21,2,0.18704,16
pushkinskaya,суббота,21,3,0.22525,16
pushkinskaya,суббота,22,0,0.314913,16
pushkinskaya,суббота,22,1,0.215986,16
pushkinskaya,суббота,22,2,0.281732,16
pushkinskaya,суббота,22,3,0.187369,16
pushkinskaya,суббота,23,0,0.334029,16
pushkinskaya,суббота,23,1,0.25297,16
pushkinskaya,суббота,23,2,0.20305,16
pushkinskaya,суббота,23,3,0.209952,16
tekhnologichesky_institut,воскресенье,0,0,0.53494,17
tekhnologichesky_institut,воскресенье,0,1,0.392771,17
tekhnologichesky_institut,воскресенье,0,2,0.060241,17
tekhnologichesky_institut,воскресенье,0,3,0.012048,17
tekhnologichesky_institut,воскресенье,5,0,0.02381,17
tekhnologichesky_institut,воскресенье,5,1,0.076923,17
tekhnologichesky_institut,воскресенье,5,2,0.417582,17
tekhnologichesky_institut,воскресенье,5,3,0.481685,17
tekhnologichesky_institut,воскресенье,6,0,0.220472,17
tekhnologichesky_institut,воскресенье,6,1,0.251094,17
tekhnologichesky_institut,воскресенье,6,2,0.252843,17
tekhnologichesky_institut,воскресенье,6,3,0.275591,17
tekhnologichesky_institut,воскресенье,7,0,0.217461,17
tekhnologichesky_institut,воскресенье,7,1,0.198179,17
tekhnologichesky_institut,воскресенье,7,2,0.267809,17
tekhnologichesky_institut,воскресенье,7,3,0.316551,17
tekhnologichesky_institut,воскресенье,8,0,0.300651,17
tekhnologichesky_institut,воскресенье,8,1,0.273753,17
tekhnologichesky_institut,воскресенье,8,2,0.22256,17
tekhnologichesky_institut,воскресенье,8,3,0.203037,17
tekhnologichesky_institut,воскресенье,9,0,0.239559,17
tekhnologichesky_institut,воскресенье,9,1,0.299448,17
tekhnologichesky_institut,воскресенье,9,2,0.256895,17
tekhnologichesky_institut,воскресенье,9,3,0.204098,17
tekhnologichesky_institut,воскресенье,10,0,0.228216,17
tekhnologichesky_institut,воскресенье,10,1,0.255753,17
tekhnologichesky_institut,воскресенье,10,2,0.249717,17
tekhnologichesky_institut,воскресенье,10,3,0.266315,17
tekhnologichesky_institut,воскресенье,11,0,0.225016,17
tekhnologichesky_institut,воскресенье,11,1,0.253707,17
tekhnologichesky_institut,воскресенье,11,2,0.260799,17
tekhnologichesky_institut,воскресенье,11,3,0.260477,17
tekhnologichesky_institut,воскресенье,12,0,0.229783,17
tekhnologichesky_institut,воскресенье,12,1,0.245224,17
tekhnologichesky_institut,воскресенье,12,2,0.255954,17
tekhnologichesky_institut,воскресенье,12,3,0.26904,17
tekhnologichesky_institut,воскресенье,13,0,0.238645,17
tekhnologichesky_institut,воскресенье,13,1,0.256568,17
tekhnologichesky_institut,воскресенье,13,2,0.252885,17
tekhnologichesky_institut,воскресенье,13,3,0.251903,17
tekhnologichesky_institut,воскресенье,14,0,0.226857,17
tekhnologichesky_institut,воскресенье,14,1,0.288359,17
tekhnologichesky_institut,воскресенье,14,2,0.24303,17
tekhnologichesky_institut,воскресенье,14,3,0.241754,17
tekhnologichesky_institut,воскресенье,15,0,0.237505,17
tekhnologichesky_institut,воскресенье,15,1,0.254378,17
tekhnologichesky_institut,воскресенье,15,2,0.253097,17
tekhnologichesky_institut,воскресенье,15,3,0.255019,17
tekhnologichesky_institut,воскресенье,16,0,0.233236,17
tekhnologichesky_institut,воскресенье,16,1,0.252786,17
tekhnologichesky_institut,воскресенье,16,2,0.261584,17
tekhnologichesky_institut,воскресенье,16,3,0.252395,17
tekhnologichesky_institut,воскресенье,17,0,0.245333,17
tekhnologichesky_institut,воскресенье,17,1,0.280028,17
tekhnologichesky_institut,воскресенье,17,2,0.230011,17
tekhnologichesky_institut,воскресенье,17,3,0.244628,17
tekhnologichesky_institut,воскресенье,18,0,0.259,17
tekhnologichesky_institut,воскресенье,18,1,0.266656,17
tekhnologichesky_institut,воскресенье,18,2,0.24548,17
tekhnologichesky_institut,воскресенье,18,3,0.228865,17
tekhnologichesky_institut,воскресенье,19,0,0.247726,17
tekhnologichesky_institut,воскресенье,19,1,0.266809,17
tekhnologichesky_institut,воскресенье,19,2,0.238809,17
tekhnologichesky_institut,воскресенье,19,3,0.246656,17
tekhnologichesky_institut,воскресенье,20,0,0.270553,17
tekhnologichesky_institut,воскресенье,20,1,0.259922,17
tekhnologichesky_institut,воскресенье,20,2,0.249468,17
tekhnologichesky_institut,воскресенье,20,3,0.220057,17
tekhnologichesky_institut,воскресенье,21,0,0.281542,17
tekhnologichesky_institut,воскресенье,21,1,0.287072,17
tekhnologichesky_institut,воскресенье,21,2,0.226927,17
tekhnologichesky_institut,воскресенье,21,3,0.204459,17
tekhnologichesky_institut,воскресенье,22,0,0.337303,17
tekhnologichesky_institut,воскресенье,22,1,0.282682,17
tekhnologichesky_institut,воскресенье,22,2,0.20554,17
tekhnologichesky_institut,воскресенье,22,3,0.174476,17
tekhnologichesky_institut,воскресенье,23,0,0.310185,17
tekhnologichesky_institut,воскресенье,23,1,0.277778,17
tekhnologichesky_institut,воскресенье,23,2,0.218056,17
tekhnologichesky_institut,воскресенье,23,3,0.193981,17
tekhnologichesky_institut,рабочий,0,0,0.524069,80
tekhnologichesky_institut,рабочий,0,1,0.396458,80
tekhnologichesky_institut,рабочий,0,2,0.051317,80
tekhnologichesky_institut,рабочий,0,3,0.028156,80
tekhnologichesky_institut,рабочий,5,0,0.029844,80
tekhnologichesky_institut,рабочий,5,1,0.069789,80
tekhnologichesky_institut,рабочий,5,2,0.352158,80
tekhnologichesky_institut,рабочий,5,3,0.548209,80
tekhnologichesky_institut,рабочий,6,0,0.180971,80
tekhnologichesky_institut,рабочий,6,1,0.230378,80
tekhnologichesky_institut,рабочий,6,2,0.264352,80
tekhnologichesky_institut,рабочий,6,3,0.324299,80
tekhnologichesky_institut,рабочий,7,0,0.210581,80
tekhnologichesky_institut,рабочий,7,1,0.205949,80
tekhnologichesky_institut,рабочий,7,2,0.272298,80
tekhnologichesky_institut,рабочий,7,3,0.311172,80
tekhnologichesky_institut,рабочий,8,0,0.246352,80
tekhnologichesky_institut,рабочий,8,1,0.27855,80
tekhnologichesky_institut,рабочий,8,2,0.26515,80
tekhnologichesky_institut,рабочий,8,3,0.209948,80
tekhnologichesky_institut,рабочий,9,0,0.262513,80
tekhnologichesky_institut,рабочий,9,1,0.280513,80
tekhnologichesky_institut,рабочий,9,2,0.242459,80
tekhnologichesky_institut,рабочий,9,3,0.214515,80
tekhnologichesky_institut,рабочий,10,0,0.217349,80
tekhnologichesky_institut,рабочий,10,1,0.245119,80
tekhnologichesky_institut,рабочий,10,2,0.269736,80
tekhnologichesky_institut,рабочий,10,3,0.267796,80
tekhnologichesky_institut,рабочий,11,0,0.234779,80
tekhnologichesky_institut,рабочий,11,1,0.250237,80
tekhnologichesky_institut,рабочий,11,2,0.250846,80
tekhnologichesky_institut,рабочий,11,3,0.264139,80
tekhnologichesky_institut,рабочий,12,0,0.200873,80
tekhnologichesky_institut,рабочий,12,1,0.292601,80
tekhnologichesky_institut,рабочий,12,2,0.265591,80
tekhnologichesky_institut,рабочий,12,3,0.240935,80
tekhnologichesky_institut,рабочий,13,0,0.271678,80
tekhnologichesky_institut,рабочий,13,1,0.247199,80
tekhnologichesky_institut,рабочий,13,2,0.2267,80
tekhnologichesky_institut,рабочий,13,3,0.254423,80
tekhnologichesky_institut,рабочий,14,0,0.293738,80
tekhnologichesky_institut,рабочий,14,1,0.282309,80
tekhnologichesky_institut,рабочий,14,2,0.208155,80
tekhnologichesky_institut,рабочий,14,3,0.215799,80
tekhnologichesky_institut,рабочий,15,0,0.224027,80
tekhnologichesky_institut,рабочий,15,1,0.228492,80
tekhnologichesky_institut,рабочий,15,2,0.274087,80
tekhnologichesky_institut,рабочий,15,3,0.273394,80
tekhnologichesky_institut,рабочий,16,0,0.187521,80
tekhnologichesky_institut,рабочий,16,1,0.226307,80
tekhnologichesky_institut,рабочий,16,2,0.328234,80
tekhnologichesky_institut,рабочий,16,3,0.257938,80
tekhnologichesky_institut,рабочий,17,0,0.223886,80
tekhnologichesky_institut,рабочий,17,1,0.255439,80
tekhnologichesky_institut,рабочий,17,2,0.278488,80
tekhnologichesky_institut,рабочий,17,3,0.242187,80
tekhnologichesky_institut,рабочий,18,0,0.301685,80
tekhnologichesky_institut,рабочий,18,1,0.343822,80
tekhnologichesky_institut,рабочий,18,2,0.204978,80
tekhnologichesky_institut,рабочий,18,3,0.149516,80
tekhnologichesky_institut,рабочий,19,0,0.271955,80
tekhnologichesky_institut,рабочий,19,1,0.271984,80
tekhnologichesky_institut,рабочий,19,2,0.226668,80
tekhnologichesky_institut,рабочий,19,3,0.229394,80
tekhnologichesky_institut,рабочий,20,0,0.326581,80
tekhnologichesky_institut,рабочий,20,1,0.28022,80
tekhnologichesky_institut,рабочий,20,2,0.208388,80
tekhnologichesky_institut,рабочий,20,3,0.184811,80
tekhnologichesky_institut,рабочий,21,0,0.297317,80
tekhnologichesky_institut,рабочий,21,1,0.285536,80
tekhnologichesky_institut,рабочий,21,2,0.218978,80
tekhnologichesky_institut,рабочий,21,3,0.198169,80
tekhnologichesky_institut,рабочий,22,0,0.304664,80
tekhnologichesky_institut,рабочий,22,1,0.290296,80
tekhnologichesky_institut,рабочий,22,2,0.220146,80
tekhnologichesky_institut,рабочий,22,3,0.184894,80
tekhnologichesky_institut,рабочий,23,0,0.332626,80
tekhnologichesky_institut,рабочий,23,1,0.280433,80
tekhnologichesky_institut,рабочий,23,2,0.203206,80
tekhnologichesky_institut,рабочий,23,3,0.183735,80
tekhnologichesky_institut,суббота,0,0,0.575937,16
tekhnologichesky_institut,суббота,0,1,0.376726,16
tekhnologichesky_institut,суббота,0,2,0.029586,16
tekhnologichesky_institut,суббота,0,3,0.017751,16
tekhnologichesky_institut,суббота,5,0,0.025822,16
tekhnologichesky_institut,суббота,5,1,0.107981,16
tekhnologichesky_institut,суббота,5,2,0.410798,16
tekhnologichesky_institut,суббота,5,3,0.455399,16
tekhnologichesky_institut,суббота,6,0,0.206429,16
tekhnologichesky_institut,суббота,6,1,0.262143,16
tekhnologichesky_institut,суббота,6,2,0.268571,16
tekhnologichesky_institut,суббота,6,3,0.262857,16
tekhnologichesky_institut,суббота,7,0,0.238377,16
tekhnologichesky_institut,суббота,7,1,0.194166,16
tekhnologichesky_institut,суббота,7,2,0.260711,16
tekhnologichesky_institut,суббота,7,3,0.306746,16
tekhnologichesky_institut,суббота,8,0,0.284314,16
tekhnologichesky_institut,суббота,8,1,0.271008,16
tekhnologichesky_institut,суббота,8,2,0.255252,16
tekhnologichesky_institut,суббота,8,3,0.189426,16
tekhnologichesky_institut,суббота,9,0,0.243177,16
tekhnologichesky_institut,суббота,9,1,0.306158,16
tekhnologichesky_institut,суббота,9,2,0.227432,16
tekhnologichesky_institut,суббота,9,3,0.223233,16
tekhnologichesky_institut,суббота,10,0,0.212139,16
tekhnologichesky_institut,суббота,10,1,0.235191,16
tekhnologichesky_institut,суббота,10,2,0.292676,16
tekhnologichesky_institut,суббота,10,3,0.259994,16
tekhnologichesky_institut,суббота,11,0,0.219655,16
tekhnologichesky_institut,суббота,11,1,0.24398,16
tekhnologichesky_institut,суббота,11,2,0.260034,16
tekhnologichesky_institut,суббота,11,3,0.276332,16
tekhnologichesky_institut,суббота,12,0,0.199229,16
tekhnologichesky_institut,суббота,12,1,0.320931,16
tekhnologichesky_institut,суббота,12,2,0.265491,16
tekhnologichesky_institut,суббота,12,3,0.214349,16
tekhnologichesky_institut,суббота,13,0,0.225623,16
tekhnologichesky_institut,суббота,13,1,0.239311,16
tekhnologichesky_institut,суббота,13,2,0.243925,16
tekhnologichesky_institut,суббота,13,3,0.291141,16
tekhnologichesky_institut,суббота,14,0,0.335275,16
tekhnologichesky_institut,суббота,14,1,0.267615,16
tekhnologichesky_institut,суббота,14,2,0.208917,16
tekhnologichesky_institut,суббота,14,3,0.188193,16
tekhnologichesky_institut,суббота,15,0,0.245551,16
tekhnologichesky_institut,суббота,15,1,0.250144,16
tekhnologichesky_institut,суббота,15,2,0.242394,16
tekhnologichesky_institut,суббота,15,3,0.261912,16
tekhnologichesky_institut,суббота,16,0,0.202319,16
tekhnologichesky_institut,суббота,16,1,0.239135,16
tekhnologichesky_institut,суббота,16,2,0.335285,16
tekhnologichesky_institut,суббота,16,3,0.223261,16
tekhnologichesky_institut,суббота,17,0,0.253387,16
tekhnologichesky_institut,суббота,17,1,0.265079,16
tekhnologichesky_institut,суббота,17,2,0.244688,16
tekhnologichesky_institut,суббота,17,3,0.236846,16
tekhnologichesky_institut,суббота,18,0,0.264923,16
tekhnologichesky_institut,суббота,18,1,0.28221,16
tekhnologichesky_institut,суббота,18,2,0.232713,16
tekhnologichesky_institut,суббота,18,3,0.220154,16
tekhnologichesky_institut,суббота,19,0,0.262181,16
tekhnologichesky_institut,суббота,19,1,0.259397,16
tekhnologichesky_institut,суббота,19,2,0.242382,16
tekhnologichesky_institut,суббота,19,3,0.23604,16
tekhnologichesky_institut,суббота,20,0,0.278613,16
tekhnologichesky_institut,суббота,20,1,0.259775,16
tekhnologichesky_institut,суббота,20,2,0.242045,16
tekhnologichesky_institut,суббота,20,3,0.219566,16
tekhnologichesky_institut,суббота,21,0,0.283989,16
tekhnologichesky_institut,суббота,21,1,0.263975,16
tekhnologichesky_institut,суббота,21,2,0.234645,16
tekhnologichesky_institut,суббота,21,3,0.217391,16
tekhnologichesky_institut,суббота,22,0,0.296336,16
tekhnologichesky_institut,суббота,22,1,0.272612,16
tekhnologichesky_institut,суббота,22,2,0.226435,16
tekhnologichesky_institut,суббота,22,3,0.204618,16
tekhnologichesky_institut,суббота,23,0,0.325318,16
tekhnologichesky_institut,суббота,23,1,0.25495,16
tekhnologichesky_institut,суббота,23,2,0.21181,16
tekhnologichesky_institut,суббота,23,3,0.207921,16
vladimirskaya,воскресенье,0,0,0.711962,17
vladimirskaya,воскресенье,0,1,0.271292,17
vladimirskaya,воскресенье,0,2,0.005742,17
vladimirskaya,воскресенье,0,3,0.011005,17
vladimirskaya,воскресенье,5,0,0.006511,17
vladimirskaya,воскресенье,5,1,0.001915,17
vladimirskaya,воскресенье,5,2,0.517426,17
vladimirskaya,воскресенье,5,3,0.474148,17
vladimirskaya,воскресенье,6,0,0.264902,17
vladimirskaya,воскресенье,6,1,0.278866,17
vladimirskaya,воскресенье,6,2,0.237599,17
vladimirskaya,воскресенье,6,3,0.218633,17
vladimirskaya,воскресенье,7,0,0.277209,17
vladimirskaya,воскресенье,7,1,0.231792,17
vladimirskaya,воскресенье,7,2,0.240385,17
vladimirskaya,воскресенье,7,3,0.250614,17
vladimirskaya,воскресенье,8,0,0.224947,17
vladimirskaya,воскресенье,8,1,0.25769,17
vladimirskaya,воскресенье,8,2,0.272431,17
vladimirskaya,воскресенье,8,3,0.244933,17
vladimirskaya,воскресенье,9,0,0.253605,17
vladimirskaya,воскресенье,9,1,0.254419,17
vladimirskaya,воскресенье,9,2,0.251395,17
vladimirskaya,воскресенье,9,3,0.240581,17
vladimirskaya,воскресенье,10,0,0.23966,17
vladimirskaya,воскресенье,10,1,0.250544,17
vladimirskaya,воскресенье,10,2,0.257836,17
vladimirskaya,воскресенье,10,3,0.251959,17
vladimirskaya,воскресенье,11,0,0.228321,17
vladimirskaya,воскресенье,11,1,0.248789,17
vladimirskaya,воскресенье,11,2,0.258647,17
vladimirskaya,воскресенье,11,3,0.264244,17
vladimirskaya,воскресенье,12,0,0.259539,17
vladimirskaya,воскресенье,12,1,0.258096,17
vladimirskaya,воскресенье,12,2,0.242489,17
vladimirskaya,воскресенье,12,3,0.239876,17
vladimirskaya,воскресенье,13,0,0.234632,17
vladimirskaya,воскресенье,13,1,0.250668,17
vladimirskaya,воскресенье,13,2,0.258189,17
vladimirskaya,воскресенье,13,3,0.256511,17
vladimirskaya,воскресенье,14,0,0.245005,17
vladimirskaya,воскресенье,14,1,0.266811,17
vladimirskaya,воскресенье,14,2,0.234158,17
vladimirskaya,воскресенье,14,3,0.254026,17
vladimirskaya,воскресенье,15,0,0.248254,17
vladimirskaya,воскресенье,15,1,0.247805,17
vladimirskaya,воскресенье,15,2,0.250898,17
vladimirskaya,воскресенье,15,3,0.253043,17
vladimirskaya,воскресенье,16,0,0.241323,17
vladimirskaya,воскресенье,16,1,0.259406,17
vladimirskaya,воскресенье,16,2,0.263323,17
vladimirskaya,воскресенье,16,3,0.235948,17
vladimirskaya,воскресенье,17,0,0.244758,17
vladimirskaya,воскресенье,17,1,0.254472,17
vladimirskaya,воскресенье,17,2,0.24249,17
vladimirskaya,воскресенье,17,3,0.25828,17
vladimirskaya,воскресенье,18,0,0.268931,17
vladimirskaya,воскресенье,18,1,0.263154,17
vladimirskaya,воскресенье,18,2,0.23388,17
vladimirskaya,воскресенье,18,3,0.234036,17
vladimirskaya,воскресенье,19,0,0.271154,17
vladimirskaya,воскресенье,19,1,0.259487,17
vladimirskaya,воскресенье,19,2,0.237222,17
vladimirskaya,воскресенье,19,3,0.232137,17
vladimirskaya,воскресенье,20,0,0.276132,17
vladimirskaya,воскресенье,20,1,0.257555,17
vladimirskaya,воскресенье,20,2,0.234911,17
vladimirskaya,воскресенье,20,3,0.231401,17
vladimirskaya,воскресенье,21,0,0.282529,17
vladimirskaya,воскресенье,21,1,0.261319,17
vladimirskaya,воскресенье,21,2,0.237252,17
vladimirskaya,воскресенье,21,3,0.2189,17
vladimirskaya,воскресенье,22,0,0.303357,17
vladimirskaya,воскресенье,22,1,0.260823,17
vladimirskaya,воскресенье,22,2,0.242632,17
vladimirskaya,воскресенье,22,3,0.193188,17
vladimirskaya,воскресенье,23,0,0.281168,17
vladimirskaya,воскресенье,23,1,0.276788,17
vladimirskaya,воскресенье,23,2,0.217664,17
vladimirskaya,воскресенье,23,3,0.22438,17
vladimirskaya,рабочий,0,0,0.681756,80
vladimirskaya,рабочий,0,1,0.304739,80
vladimirskaya,рабочий,0,2,0.007049,80
vladimirskaya,рабочий,0,3,0.006455,80
vladimirskaya,рабочий,5,0,0.010359,80
vladimirskaya,рабочий,5,1,0.004244,80
vladimirskaya,рабочий,5,2,0.517349,80
vladimirskaya,рабочий,5,3,0.468048,80
vladimirskaya,рабочий,6,0,0.210251,80
vladimirskaya,рабочий,6,1,0.257573,80
vladimirskaya,рабочий,6,2,0.267832,80
vladimirskaya,рабочий,6,3,0.264345,80
vladimirskaya,рабочий,7,0,0.237527,80
vladimirskaya,рабочий,7,1,0.245346,80
vladimirskaya,рабочий,7,2,0.246564,80
vladimirskaya,рабочий,7,3,0.270563,80
vladimirskaya,рабочий,8,0,0.230892,80
vladimirskaya,рабочий,8,1,0.281026,80
vladimirskaya,рабочий,8,2,0.265683,80
vladimirskaya,рабочий,8,3,0.222399,80
vladimirskaya,рабочий,9,0,0.252873,80
vladimirskaya,рабочий,9,1,0.273911,80
vladimirskaya,рабочий,9,2,0.250491,80
vladimirskaya,рабочий,9,3,0.222724,80
vladimirskaya,рабочий,10,0,0.255198,80
vladimirskaya,рабочий,10,1,0.259917,80
vladimirskaya,рабочий,10,2,0.247829,80
vladimirskaya,рабочий,10,3,0.237056,80
vladimirskaya,рабочий,11,0,0.226741,80
vladimirskaya,рабочий,11,1,0.251852,80
vladimirskaya,рабочий,11,2,0.265133,80
vladimirskaya,рабочий,11,3,0.256273,80
vladimirskaya,рабочий,12,0,0.239013,80
vladimirskaya,рабочий,12,1,0.248832,80
vladimirskaya,рабочий,12,2,0.25408,80
vladimirskaya,рабочий,12,3,0.258075,80
vladimirskaya,рабочий,13,0,0.248246,80
vladimirskaya,рабочий,13,1,0.264132,80
vladimirskaya,рабочий,13,2,0.249891,80
vladimirskaya,рабочий,13,3,0.237732,80
vladimirskaya,рабочий,14,0,0.224685,80
vladimirskaya,рабочий,14,1,0.257243,80
vladimirskaya,рабочий,14,2,0.238377,80
vladimirskaya,рабочий,14,3,0.279694,80
vladimirskaya,рабочий,15,0,0.262451,80
vladimirskaya,рабочий,15,1,0.25072,80
vladimirskaya,рабочий,15,2,0.240301,80
vladimirskaya,рабочий,15,3,0.246528,80
vladimirskaya,рабочий,16,0,0.23426,80
vladimirskaya,рабочий,16,1,0.245288,80
vladimirskaya,рабочий,16,2,0.268534,80
vladimirskaya,рабочий,16,3,0.251918,80
vladimirskaya,рабочий,17,0,0.255342,80
vladimirskaya,рабочий,17,1,0.25159,80
vladimirskaya,рабочий,17,2,0.237555,80
vladimirskaya,рабочий,17,3,0.255514,80
vladimirskaya,рабочий,18,0,0.299321,80
vladimirskaya,рабочий,18,1,0.279769,80
vladimirskaya,рабочий,18,2,0.215369,80
vladimirskaya,рабочий,18,3,0.205541,80
vladimirskaya,рабочий,19,0,0.29519,80
vladimirskaya,рабочий,19,1,0.270712,80
vladimirskaya,рабочий,19,2,0.22443,80
vladimirskaya,рабочий,19,3,0.209668,80
vladimirskaya,рабочий,20,0,0.280584,80
vladimirskaya,рабочий,20,1,0.263567,80
vladimirskaya,рабочий,20,2,0.228642,80
vladimirskaya,рабочий,20,3,0.227206,80
vladimirskaya,рабочий,21,0,0.303609,80
vladimirskaya,рабочий,21,1,0.271955,80
vladimirskaya,рабочий,21,2,0.221851,80
vladimirskaya,рабочий,21,3,0.202585,80
vladimirskaya,рабочий,22,0,0.308199,80
vladimirskaya,рабочий,22,1,0.281926,80
vladimirskaya,рабочий,22,2,0.221404,80
vladimirskaya,рабочий,22,3,0.188472,80
vladimirskaya,рабочий,23,0,0.292152,80
vladimirskaya,рабочий,23,1,0.269708,80
vladimirskaya,рабочий,23,2,0.215707,80
vladimirskaya,рабочий,23,3,0.222433,80
vladimirskaya,суббота,0,0,0.699743,16
vladimirskaya,суббота,0,1,0.295694,16
vladimirskaya,суббота,0,2,0.003137,16
vladimirskaya,суббота,0,3,0.001426,16
vladimirskaya,суббота,5,0,0.021099,16
vladimirskaya,суббота,5,1,0.024043,16
vladimirskaya,суббота,5,2,0.475466,16
vladimirskaya,суббота,5,3,0.479392,16
vladimirskaya,суббота,6,0,0.242033,16
vladimirskaya,суббота,6,1,0.271451,16
vladimirskaya,суббота,6,2,0.242478,16
vladimirskaya,суббота,6,3,0.244038,16
vladimirskaya,суббота,7,0,0.268628,16
vladimirskaya,суббота,7,1,0.226295,16
vladimirskaya,суббота,7,2,0.24075,16
vladimirskaya,суббота,7,3,0.264326,16
vladimirskaya,суббота,8,0,0.246287,16
vladimirskaya,суббота,8,1,0.260149,16
vladimirskaya,суббота,8,2,0.254208,16
vladimirskaya,суббота,8,3,0.239356,16
vladimirskaya,суббота,9,0,0.235472,16
vladimirskaya,суббота,9,1,0.259302,16
vladimirskaya,суббота,9,2,0.26296,16
vladimirskaya,суббота,9,3,0.242266,16
vladimirskaya,суббота,10,0,0.232367,16
vladimirskaya,суббота,10,1,0.259502,16
vladimirskaya,суббота,10,2,0.254022,16
vladimirskaya,суббота,10,3,0.25411,16
vladimirskaya,суббота,11,0,0.207734,16
vladimirskaya,суббота,11,1,0.247775,16
vladimirskaya,суббота,11,2,0.280356,16
vladimirskaya,суббота,11,3,0.264134,16
vladimirskaya,суббота,12,0,0.244911,16
vladimirskaya,суббота,12,1,0.255722,16
vladimirskaya,суббота,12,2,0.252961,16
vladimirskaya,суббота,12,3,0.246406,16
vladimirskaya,суббота,13,0,0.237393,16
vladimirskaya,суббота,13,1,0.251478,16
vladimirskaya,суббота,13,2,0.266386,16
vladimirskaya,суббота,13,3,0.244744,16
vladimirskaya,суббота,14,0,0.230859,16
vladimirskaya,суббота,14,1,0.261574,16
vladimirskaya,суббота,14,2,0.243154,16
vladimirskaya,суббота,14,3,0.264412,16
vladimirskaya,суббота,15,0,0.257849,16
vladimirskaya,суббота,15,1,0.262652,16
vladimirskaya,суббота,15,2,0.242209,16
vladimirskaya,суббота,15,3,0.23729,16
vladimirskaya,суббота,16,0,0.25791,16
vladimirskaya,суббота,16,1,0.266938,16
vladimirskaya,суббота,16,2,0.244607,16
vladimirskaya,суббота,16,3,0.230545,16
vladimirskaya,суббота,17,0,0.251152,16
vladimirskaya,суббота,17,1,0.258785,16
vladimirskaya,суббота,17,2,0.235472,16
vladimirskaya,суббота,17,3,0.254591,16
vladimirskaya,суббота,18,0,0.258049,16
vladimirskaya,суббота,18,1,0.253811,16
vladimirskaya,суббота,18,2,0.242566,16
vladimirskaya,суббота,18,3,0.245574,16
vladimirskaya,суббота,19,0,0.282649,16
vladimirskaya,суббота,19,1,0.250746,16
vladimirskaya,суббота,19,2,0.23797,16
vladimirskaya,суббота,19,3,0.228636,16
vladimirskaya,суббота,20,0,0.274205,16
vladimirskaya,суббота,20,1,0.258805,16
vladimirskaya,суббота,20,2,0.233243,16
vladimirskaya,суббота,20,3,0.233747,16
vladimirskaya,суббота,21,0,0.274056,16
vladimirskaya,суббота,21,1,0.259366,16
vladimirskaya,суббота,21,2,0.229245,16
vladimirskaya,суббота,21,3,0.237332,16
vladimirskaya,суббота,22,0,0.285988,16
vladimirskaya,суббота,22,1,0.265029,16
vladimirskaya,суббота,22,2,0.24398,16
vladimirskaya,суббота,22,3,0.205004,16
vladimirskaya,суббота,23,0,0.260641,16
vladimirskaya,суббота,23,1,0.249544,16
vladimirskaya,суббота,23,2,0.241,16
vladimirskaya,суббота,23,3,0.248815,16
vosstaniya,воскресенье,0,0,0.765889,17
vosstaniya,воскресенье,0,1,0.230273,17
vosstaniya,воскресенье,0,2,0.002149,17
vosstaniya,воскресенье,0,3,0.001689,17
vosstaniya,воскресенье,5,0,0.003876,17
vosstaniya,воскресенье,5,1,0.001442,17
vosstaniya,воскресенье,5,2,0.452948,17
vosstaniya,воскресенье,5,3,0.541734,17
vosstaniya,воскресенье,6,0,0.238533,17
vosstaniya,воскресенье,6,1,0.223138,17
vosstaniya,воскресенье,6,2,0.239889,17
vosstaniya,воскресенье,6,3,0.29844,17
vosstaniya,воскресенье,7,0,0.255902,17
vosstaniya,воскресенье,7,1,0.225246,17
vosstaniya,воскресенье,7,2,0.223934,17
vosstaniya,воскресенье,7,3,0.294918,17
vosstaniya,воскресенье,8,0,0.274855,17
vosstaniya,воскресенье,8,1,0.242485,17
vosstaniya,воскресенье,8,2,0.231977,17
vosstaniya,воскресенье,8,3,0.250683,17
vosstaniya,воскресенье,9,0,0.244083,17
vosstaniya,воскресенье,9,1,0.300094,17
vosstaniya,воскресенье,9,2,0.239399,17
vosstaniya,воскресенье,9,3,0.216424,17
vosstaniya,воскресенье,10,0,0.238934,17
vosstaniya,воскресенье,10,1,0.231874,17
vosstaniya,воскресенье,10,2,0.252262,17
vosstaniya,воскресенье,10,3,0.27693,17
vosstaniya,воскресенье,11,0,0.251394,17
vosstaniya,воскресенье,11,1,0.256231,17
vosstaniya,воскресенье,11,2,0.219082,17
vosstaniya,воскресенье,11,3,0.273293,17
vosstaniya,воскресенье,12,0,0.233286,17
vosstaniya,воскресенье,12,1,0.234916,17
vosstaniya,воскресенье,12,2,0.271216,17
vosstaniya,воскресенье,12,3,0.260582,17
vosstaniya,воскресенье,13,0,0.23368,17
vosstaniya,воскресенье,13,1,0.221175,17
vosstaniya,воскресенье,13,2,0.251203,17
vosstaniya,воскресенье,13,3,0.293941,17
vosstaniya,воскресенье,14,0,0.261334,17
vosstaniya,воскресенье,14,1,0.239615,17
vosstaniya,воскресенье,14,2,0.246544,17
vosstaniya,воскресенье,14,3,0.252507,17
vosstaniya,воскресенье,15,0,0.234472,17
vosstaniya,воскресенье,15,1,0.241028,17
vosstaniya,воскресенье,15,2,0.245508,17
vosstaniya,воскресенье,15,3,0.278992,17
vosstaniya,воскресенье,16,0,0.231126,17
vosstaniya,воскресенье,16,1,0.250777,17
vosstaniya,воскресенье,16,2,0.259498,17
vosstaniya,воскресенье,16,3,0.258599,17
vosstaniya,воскресенье,17,0,0.226103,17
vosstaniya,воскресенье,17,1,0.257069,17
vosstaniya,воскресенье,17,2,0.254715,17
vosstaniya,воскресенье,17,3,0.262113,17
vosstaniya,воскресенье,18,0,0.250325,17
vosstaniya,воскресенье,18,1,0.277396,17
vosstaniya,воскресенье,18,2,0.237674,17
vosstaniya,воскресенье,18,3,0.234606,17
vosstaniya,воскресенье,19,0,0.236499,17
vosstaniya,воскресенье,19,1,0.262265,17
vosstaniya,воскресенье,19,2,0.275715,17
vosstaniya,воскресенье,19,3,0.22552,17
vosstaniya,воскресенье,20,0,0.299713,17
vosstaniya,воскресенье,20,1,0.261847,17
vosstaniya,воскресенье,20,2,0.219334,17
vosstaniya,воскресенье,20,3,0.219106,17
vosstaniya,воскресенье,21,0,0.284977,17
vosstaniya,воскресенье,21,1,0.251169,17
vosstaniya,воскресенье,21,2,0.240821,17
vosstaniya,воскресенье,21,3,0.223033,17
vosstaniya,воскресенье,22,0,0.298199,17
vosstaniya,воскресенье,22,1,0.266981,17
vosstaniya,воскресенье,22,2,0.220961,17
vosstaniya,воскресенье,22,3,0.213859,17
vosstaniya,воскресенье,23,0,0.350894,17
vosstaniya,воскресенье,23,1,0.267333,17
vosstaniya,воскресенье,23,2,0.175858,17
vosstaniya,воскресенье,23,3,0.205915,17
vosstaniya,рабочий,0,0,0.736859,80
vosstaniya,рабочий,0,1,0.258566,80
vosstaniya,рабочий,0,2,0.003423,80
vosstaniya,рабочий,0,3,0.001152,80
vosstaniya,рабочий,5,0,0.002425,80
vosstaniya,рабочий,5,1,0.001661,80
vosstaniya,рабочий,5,2,0.43797,80
vosstaniya,рабочий,5,3,0.557944,80
vosstaniya,рабочий,6,0,0.216783,80
vosstaniya,рабочий,6,1,0.230809,80
vosstaniya,рабочий,6,2,0.242566,80
vosstaniya,рабочий,6,3,0.309842,80
vosstaniya,рабочий,7,0,0.190779,80
vosstaniya,рабочий,7,1,0.225255,80
vosstaniya,рабочий,7,2,0.222168,80
vosstaniya,рабочий,7,3,0.361798,80
vosstaniya,рабочий,8,0,0.240015,80
vosstaniya,рабочий,8,1,0.299486,80
vosstaniya,рабочий,8,2,0.228851,80
vosstaniya,рабочий,8,3,0.231648,80
vosstaniya,рабочий,9,0,0.235706,80
vosstaniya,рабочий,9,1,0.312739,80
vosstaniya,рабочий,9,2,0.233327,80
vosstaniya,рабочий,9,3,0.218227,80
vosstaniya,рабочий,10,0,0.256943,80
vosstaniya,рабочий,10,1,0.253475,80
vosstaniya,рабочий,10,2,0.245226,80
vosstaniya,рабочий,10,3,0.244356,80
vosstaniya,рабочий,11,0,0.246131,80
vosstaniya,рабочий,11,1,0.254746,80
vosstaniya,рабочий,11,2,0.250527,80
vosstaniya,рабочий,11,3,0.248596,80
vosstaniya,рабочий,12,0,0.238466,80
vosstaniya,рабочий,12,1,0.243045,80
vosstaniya,рабочий,12,2,0.257343,80
vosstaniya,рабочий,12,3,0.261146,80
vosstaniya,рабочий,13,0,0.245725,80
vosstaniya,рабочий,13,1,0.229366,80
vosstaniya,рабочий,13,2,0.253954,80
vosstaniya,рабочий,13,3,0.270955,80
vosstaniya,рабочий,14,0,0.263136,80
vosstaniya,рабочий,14,1,0.241448,80
vosstaniya,рабочий,14,2,0.242772,80
vosstaniya,рабочий,14,3,0.252644,80
vosstaniya,рабочий,15,0,0.243152,80
vosstaniya,рабочий,15,1,0.24352,80
vosstaniya,рабочий,15,2,0.251173,80
vosstaniya,рабочий,15,3,0.262155,80
vosstaniya,рабочий,16,0,0.223546,80
vosstaniya,рабочий,16,1,0.251415,80
vosstaniya,рабочий,16,2,0.256343,80
vosstaniya,рабочий,16,3,0.268696,80
vosstaniya,рабочий,17,0,0.212892,80
vosstaniya,рабочий,17,1,0.255059,80
vosstaniya,рабочий,17,2,0.269471,80
vosstaniya,рабочий,17,3,0.262578,80
vosstaniya,рабочий,18,0,0.270046,80
vosstaniya,рабочий,18,1,0.283746,80
vosstaniya,рабочий,18,2,0.24655,80
vosstaniya,рабочий,18,3,0.199659,80
vosstaniya,рабочий,19,0,0.256648,80
vosstaniya,рабочий,19,1,0.265382,80
vosstaniya,рабочий,19,2,0.262475,80
vosstaniya,рабочий,19,3,0.215496,80
vosstaniya,рабочий,20,0,0.293972,80
vosstaniya,рабочий,20,1,0.261836,80
vosstaniya,рабочий,20,2,0.222027,80
vosstaniya,рабочий,20,3,0.222166,80
vosstaniya,рабочий,21,0,0.282949,80
vosstaniya,рабочий,21,1,0.264942,80
vosstaniya,рабочий,21,2,0.232455,80
vosstaniya,рабочий,21,3,0.219654,80
vosstaniya,рабочий,22,0,0.299007,80
vosstaniya,рабочий,22,1,0.284339,80
vosstaniya,рабочий,22,2,0.220435,80
vosstaniya,рабочий,22,3,0.196219,80
vosstaniya,рабочий,23,0,0.342305,80
vosstaniya,рабочий,23,1,0.266463,80
vosstaniya,рабочий,23,2,0.169501,80
vosstaniya,рабочий,23,3,0.221731,80
vosstaniya,суббота,0,0,0.73673,16
vosstaniya,суббота,0,1,0.261618,16
vosstaniya,суббота,0,2,0.001651,16
vosstaniya,суббота,0,3,0.0,16
vosstaniya,суббота,5,0,0.013983,16
vosstaniya,суббота,5,1,0.012194,16
vosstaniya,суббота,5,2,0.446793,16
vosstaniya,суббота,5,3,0.52703,16
vosstaniya,суббота,6,0,0.259396,16
vosstaniya,суббота,6,1,0.236658,16
vosstaniya,суббота,6,2,0.210828,16
vosstaniya,суббота,6,3,0.293118,16
vosstaniya,суббота,7,0,0.265545,16
vosstaniya,суббота,7,1,0.231704,16
vosstaniya,суббота,7,2,0.215385,16
vosstaniya,суббота,7,3,0.287365,16
vosstaniya,суббота,8,0,0.266134,16
vosstaniya,суббота,8,1,0.265467,16
vosstaniya,суббота,8,2,0.225987,16
vosstaniya,суббота,8,3,0.242412,16
vosstaniya,суббота,9,0,0.234892,16
vosstaniya,суббота,9,1,0.301039,16
vosstaniya,суббота,9,2,0.237028,16
vosstaniya,суббота,9,3,0.227041,16
vosstaniya,суббота,10,0,0.219533,16
vosstaniya,суббота,10,1,0.244843,16
vosstaniya,суббота,10,2,0.256812,16
vosstaniya,суббота,10,3,0.278812,16
vosstaniya,суббота,11,0,0.253259,16
vosstaniya,суббота,11,1,0.254551,16
vosstaniya,суббота,11,2,0.223926,16
vosstaniya,суббота,11,3,0.268264,16
vosstaniya,суббота,12,0,0.243891,16
vosstaniya,суббота,12,1,0.232459,16
vosstaniya,суббота,12,2,0.258446,16
vosstaniya,суббота,12,3,0.265203,16
vosstaniya,суббота,13,0,0.237125,16
vosstaniya,суббота,13,1,0.229861,16
vosstaniya,суббота,13,2,0.259588,16
vosstaniya,суббота,13,3,0.273427,16
vosstaniya,суббота,14,0,0.261814,16
vosstaniya,суббота,14,1,0.241326,16
vosstaniya,суббота,14,2,0.244099,16
vosstaniya,суббота,14,3,0.252761,16
vosstaniya,суббота,15,0,0.244654,16
vosstaniya,суббота,15,1,0.231467,16
vosstaniya,суббота,15,2,0.252132,16
vosstaniya,суббота,15,3,0.271747,16
vosstaniya,суббота,16,0,0.238906,16
vosstaniya,суббота,16,1,0.251353,16
vosstaniya,суббота,16,2,0.25142,16
vosstaniya,суббота,16,3,0.258321,16
vosstaniya,суббота,17,0,0.233145,16
vosstaniya,суббота,17,1,0.250538,16
vosstaniya,суббота,17,2,0.249789,16
vosstaniya,суббота,17,3,0.266529,16
vosstaniya,суббота,18,0,0.263881,16
vosstaniya,суббота,18,1,0.263757,16
vosstaniya,суббота,18,2,0.234627,16
vosstaniya,суббота,18,3,0.237735,16
vosstaniya,суббота,19,0,0.242471,16
vosstaniya,суббота,19,1,0.249723,16
vosstaniya,суббота,19,2,0.26975,16
vosstaniya,суббота,19,3,0.238056,16
vosstaniya,суббота,20,0,0.28917,16
vosstaniya,суббота,20,1,0.254694,16
vosstaniya,суббота,20,2,0.228233,16
vosstaniya,суббота,20,3,0.227902,16
vosstaniya,суббота,21,0,0.290999,16
vosstaniya,суббота,21,1,0.260846,16
vosstaniya,суббота,21,2,0.229407,16
vosstaniya,суббота,21,3,0.218749,16
vosstaniya,суббота,22,0,0.290108,16
vosstaniya,суббота,22,1,0.272627,16
vosstaniya,суббота,22,2,0.227961,16
vosstaniya,суббота,22,3,0.209303,16
vosstaniya,суббота,23,0,0.337707,16
vosstaniya,суббота,23,1,0.27228,16
vosstaniya,суббота,23,2,0.180156,16
vosstaniya,суббота,23,3,0.209858,16
vyborgskaya,воскресенье,0,0,0.543624,17
vyborgskaya,воскресенье,0,1,0.35906,17
vyborgskaya,воскресенье,0,2,0.097315,17
vyborgskaya,воскресенье,0,3,0.0,17
vyborgskaya,воскресенье,5,0,0.006369,17
vyborgskaya,воскресенье,5,1,0.004246,17
vyborgskaya,воскресенье,5,2,0.118896,17
vyborgskaya,воскресенье,5,3,0.870488,17
vyborgskaya,воскресенье,6,0,0.213542,17
vyborgskaya,воскресенье,6,1,0.244141,17
vyborgskaya,воскресенье,6,2,0.236328,17
vyborgskaya,воскресенье,6,3,0.30599,17
vyborgskaya,воскресенье,7,0,0.293724,17
vyborgskaya,воскресенье,7,1,0.21965,17
vyborgskaya,воскресенье,7,2,0.228909,17
vyborgskaya,воскресенье,7,3,0.257716,17
vyborgskaya,воскресенье,8,0,0.287247,17
vyborgskaya,воскресенье,8,1,0.268031,17
vyborgskaya,воскресенье,8,2,0.223359,17
vyborgskaya,воскресенье,8,3,0.221363,17
vyborgskaya,воскресенье,9,0,0.26623,17
vyborgskaya,воскресенье,9,1,0.278812,17
vyborgskaya,воскресенье,9,2,0.247358,17
vyborgskaya,воскресенье,9,3,0.207599,17
vyborgskaya,воскресенье,10,0,0.249375,17
vyborgskaya,воскресенье,10,1,0.245127,17
vyborgskaya,воскресенье,10,2,0.264118,17
vyborgskaya,воскресенье,10,3,0.241379,17
vyborgskaya,воскресенье,11,0,0.208841,17
vyborgskaya,воскресенье,11,1,0.250981,17
vyborgskaya,воскресенье,11,2,0.261103,17
vyborgskaya,воскресенье,11,3,0.279075,17
vyborgskaya,воскресенье,12,0,0.242984,17
vyborgskaya,воскресенье,12,1,0.254915,17
vyborgskaya,воскресенье,12,2,0.244833,17
vyborgskaya,воскресенье,12,3,0.257268,17
vyborgskaya,воскресенье,13,0,0.222848,17
vyborgskaya,воскресенье,13,1,0.242346,17
vyborgskaya,воскресенье,13,2,0.260472,17
vyborgskaya,воскресенье,13,3,0.274334,17
vyborgskaya,воскресенье,14,0,0.252647,17
vyborgskaya,воскресенье,14,1,0.274504,17
vyborgskaya,воскресенье,14,2,0.240701,17
vyborgskaya,воскресенье,14,3,0.232148,17
vyborgskaya,воскресенье,15,0,0.264875,17
vyborgskaya,воскресенье,15,1,0.262956,17
vyborgskaya,воскресенье,15,2,0.241695,17
vyborgskaya,воскресенье,15,3,0.230474,17
vyborgskaya,воскресенье,16,0,0.237797,17
vyborgskaya,воскресенье,16,1,0.26519,17
vyborgskaya,воскресенье,16,2,0.247268,17
vyborgskaya,воскресенье,16,3,0.249745,17
vyborgskaya,воскресенье,17,0,0.253829,17
vyborgskaya,воскресенье,17,1,0.239167,17
vyborgskaya,воскресенье,17,2,0.257494,17
vyborgskaya,воскресенье,17,3,0.249509,17
vyborgskaya,воскресенье,18,0,0.272771,17
vyborgskaya,воскресенье,18,1,0.25,17
vyborgskaya,воскресенье,18,2,0.252422,17
vyborgskaya,воскресенье,18,3,0.224806,17
vyborgskaya,воскресенье,19,0,0.259326,17
vyborgskaya,воскресенье,19,1,0.225523,17
vyborgskaya,воскресенье,19,2,0.269927,17
vyborgskaya,воскресенье,19,3,0.245225,17
vyborgskaya,воскресенье,20,0,0.359609,17
vyborgskaya,воскресенье,20,1,0.268397,17
vyborgskaya,воскресенье,20,2,0.197547,17
vyborgskaya,воскресенье,20,3,0.174446,17
vyborgskaya,воскресенье,21,0,0.306813,17
vyborgskaya,воскресенье,21,1,0.276752,17
vyborgskaya,воскресенье,21,2,0.2132,17
vyborgskaya,воскресенье,21,3,0.203235,17
vyborgskaya,воскресенье,22,0,0.30084,17
vyborgskaya,воскресенье,22,1,0.265625,17
vyborgskaya,воскресенье,22,2,0.253498,17
vyborgskaya,воскресенье,22,3,0.180037,17
vyborgskaya,воскресенье,23,0,0.325301,17
vyborgskaya,воскресенье,23,1,0.320964,17
vyborgskaya,воскресенье,23,2,0.195181,17
vyborgskaya,воскресенье,23,3,0.158554,17
vyborgskaya,рабочий,0,0,0.53194,80
vyborgskaya,рабочий,0,1,0.356562,80
vyborgskaya,рабочий,0,2,0.098142,80
vyborgskaya,рабочий,0,3,0.013357,80
vyborgskaya,рабочий,5,0,0.008077,80
vyborgskaya,рабочий,5,1,0.004038,80
vyborgskaya,рабочий,5,2,0.213276,80
vyborgskaya,рабочий,5,3,0.774609,80
vyborgskaya,рабочий,6,0,0.205708,80
vyborgskaya,рабочий,6,1,0.237001,80
vyborgskaya,рабочий,6,2,0.236382,80
vyborgskaya,рабочий,6,3,0.320908,80
vyborgskaya,рабочий,7,0,0.227913,80
vyborgskaya,рабочий,7,1,0.214683,80
vyborgskaya,рабочий,7,2,0.244895,80
vyborgskaya,рабочий,7,3,0.312509,80
vyborgskaya,рабочий,8,0,0.267434,80
vyborgskaya,рабочий,8,1,0.289256,80
vyborgskaya,рабочий,8,2,0.257401,80
vyborgskaya,рабочий,8,3,0.185908,80
vyborgskaya,рабочий,9,0,0.254315,80
vyborgskaya,рабочий,9,1,0.270861,80
vyborgskaya,рабочий,9,2,0.247442,80
vyborgskaya,рабочий,9,3,0.227382,80
vyborgskaya,рабочий,10,0,0.23865,80
vyborgskaya,рабочий,10,1,0.256833,80
vyborgskaya,рабочий,10,2,0.254352,80
vyborgskaya,рабочий,10,3,0.250165,80
vyborgskaya,рабочий,11,0,0.213222,80
vyborgskaya,рабочий,11,1,0.24416,80
vyborgskaya,рабочий,11,2,0.278857,80
vyborgskaya,рабочий,11,3,0.263761,80
vyborgskaya,рабочий,12,0,0.238125,80
vyborgskaya,рабочий,12,1,0.269057,80
vyborgskaya,рабочий,12,2,0.244813,80
vyborgskaya,рабочий,12,3,0.248005,80
vyborgskaya,рабочий,13,0,0.241336,80
vyborgskaya,рабочий,13,1,0.250469,80
vyborgskaya,рабочий,13,2,0.2505,80
vyborgskaya,рабочий,13,3,0.257696,80
vyborgskaya,рабочий,14,0,0.20984,80
vyborgskaya,рабочий,14,1,0.240994,80
vyborgskaya,рабочий,14,2,0.284257,80
vyborgskaya,рабочий,14,3,0.264909,80
vyborgskaya,рабочий,15,0,0.209163,80
vyborgskaya,рабочий,15,1,0.216146,80
vyborgskaya,рабочий,15,2,0.244122,80
vyborgskaya,рабочий,15,3,0.330569,80
vyborgskaya,рабочий,16,0,0.218246,80
vyborgskaya,рабочий,16,1,0.217869,80
vyborgskaya,рабочий,16,2,0.217899,80
vyborgskaya,рабочий,16,3,0.345987,80
vyborgskaya,рабочий,17,0,0.301422,80
vyborgskaya,рабочий,17,1,0.277491,80
vyborgskaya,рабочий,17,2,0.21636,80
vyborgskaya,рабочий,17,3,0.204727,80
vyborgskaya,рабочий,18,0,0.336242,80
vyborgskaya,рабочий,18,1,0.333191,80
vyborgskaya,рабочий,18,2,0.189606,80
vyborgskaya,рабочий,18,3,0.140961,80
vyborgskaya,рабочий,19,0,0.304452,80
vyborgskaya,рабочий,19,1,0.272436,80
vyborgskaya,рабочий,19,2,0.22988,80
vyborgskaya,рабочий,19,3,0.193232,80
vyborgskaya,рабочий,20,0,0.354436,80
vyborgskaya,рабочий,20,1,0.279963,80
vyborgskaya,рабочий,20,2,0.198792,80
vyborgskaya,рабочий,20,3,0.166809,80
vyborgskaya,рабочий,21,0,0.321633,80
vyborgskaya,рабочий,21,1,0.279453,80
vyborgskaya,рабочий,21,2,0.212219,80
vyborgskaya,рабочий,21,3,0.186695,80
vyborgskaya,рабочий,22,0,0.330207,80
vyborgskaya,рабочий,22,1,0.271129,80
vyborgskaya,рабочий,22,2,0.213435,80
vyborgskaya,рабочий,22,3,0.185229,80
vyborgskaya,рабочий,23,0,0.38517,80
vyborgskaya,рабочий,23,1,0.268384,80
vyborgskaya,рабочий,23,2,0.186642,80
vyborgskaya,рабочий,23,3,0.159804,80
vyborgskaya,суббота,0,0,0.624309,16
vyborgskaya,суббота,0,1,0.287293,16
vyborgskaya,суббота,0,2,0.077348,16
vyborgskaya,суббота,0,3,0.01105,16
vyborgskaya,суббота,5,0,0.001779,16
vyborgskaya,суббота,5,1,0.016014,16
vyborgskaya,суббота,5,2,0.113879,16
vyborgskaya,суббота,5,3,0.868327,16
vyborgskaya,суббота,6,0,0.219185,16
vyborgskaya,суббота,6,1,0.224009,16
vyborgskaya,суббота,6,2,0.233119,16
vyborgskaya,суббота,6,3,0.323687,16
vyborgskaya,суббота,7,0,0.266549,16
vyborgskaya,суббота,7,1,0.209369,16
vyborgskaya,суббота,7,2,0.23598,16
vyborgskaya,суббота,7,3,0.288102,16
vyborgskaya,суббота,8,0,0.268779,16
vyborgskaya,суббота,8,1,0.272365,16
vyborgskaya,суббота,8,2,0.239291,16
vyborgskaya,суббота,8,3,0.219566,16
vyborgskaya,суббота,9,0,0.250875,16
vyborgskaya,суббота,9,1,0.262811,16
vyborgskaya,суббота,9,2,0.256226,16
vyborgskaya,суббота,9,3,0.230088,16
vyborgskaya,суббота,10,0,0.26247,16
vyborgskaya,суббота,10,1,0.251058,16
vyborgskaya,суббота,10,2,0.237438,16
vyborgskaya,суббота,10,3,0.249034,16
vyborgskaya,суббота,11,0,0.205271,16
vyborgskaya,суббота,11,1,0.235725,16
vyborgskaya,суббота,11,2,0.285798,16
vyborgskaya,суббота,11,3,0.273206,16
vyborgskaya,суббота,12,0,0.212023,16
vyborgskaya,суббота,12,1,0.258994,16
vyborgskaya,суббота,12,2,0.265806,16
vyborgskaya,суббота,12,3,0.263177,16
vyborgskaya,суббота,13,0,0.224997,16
vyborgskaya,суббота,13,1,0.246372,16
vyborgskaya,суббота,13,2,0.247834,16
vyborgskaya,суббота,13,3,0.280796,16
vyborgskaya,суббота,14,0,0.238853,16
vyborgskaya,суббота,14,1,0.23847,16
vyborgskaya,суббота,14,2,0.274523,16
vyborgskaya,суббота,14,3,0.248154,16
vyborgskaya,суббота,15,0,0.23035,16
vyborgskaya,суббота,15,1,0.251197,16
vyborgskaya,суббота,15,2,0.25054,16
vyborgskaya,суббота,15,3,0.267912,16
vyborgskaya,суббота,16,0,0.253106,16
vyborgskaya,суббота,16,1,0.276259,16
vyborgskaya,суббота,16,2,0.234244,16
vyborgskaya,суббота,16,3,0.23639,16
vyborgskaya,суббота,17,0,0.26072,16
vyborgskaya,суббота,17,1,0.265415,16
vyborgskaya,суббота,17,2,0.224726,16
vyborgskaya,суббота,17,3,0.249139,16
vyborgskaya,суббота,18,0,0.26503,16
vyborgskaya,суббота,18,1,0.249372,16
vyborgskaya,суббота,18,2,0.246375,16
vyborgskaya,суббота,18,3,0.239223,16
vyborgskaya,суббота,19,0,0.27174,16
vyborgskaya,суббота,19,1,0.238287,16
vyborgskaya,суббота,19,2,0.269901,16
vyborgskaya,суббота,19,3,0.220072,16
vyborgskaya,суббота,20,0,0.357644,16
vyborgskaya,суббота,20,1,0.281208,16
vyborgskaya,суббота,20,2,0.197987,16
vyborgskaya,суббота,20,3,0.163161,16
vyborgskaya,суббота,21,0,0.293667,16
vyborgskaya,суббота,21,1,0.268189,16
vyborgskaya,суббота,21,2,0.223417,16
vyborgskaya,суббота,21,3,0.214728,16
vyborgskaya,суббота,22,0,0.245291,16
vyborgskaya,суббота,22,1,0.250256,16
vyborgskaya,суббота,22,2,0.292597,16
vyborgskaya,суббота,22,3,0.211856,16
vyborgskaya,суббота,23,0,0.337145,16
vyborgskaya,суббота,23,1,0.279543,16
vyborgskaya,суббота,23,2,0.205845,16
vyborgskaya,суббота,23,3,0.177467,16
